id,article,name,standard_1,armature_1,standard_2,armature_2,thread_1,thread_2,s_key,angle
1,1BT-16SP A,"Адаптер BSP 1"" Ш - BSPT 1"" Ш-к S=41",1,2,2,3,21,21,41,1
2,1BT-16SP,"Адаптер BSP 1"" Ш - BSPT 1"" Ш-к S=41",1,2,2,3,21,21,41,1
3,1BT-16-12SP A,"Адаптер BSP 1"" Ш - BSPT 3/4"" Ш-к S=41",1,2,2,3,21,24,41,1
4,1BT-16-12SP,"Адаптер BSP 1"" Ш - BSPT 3/4"" Ш-к S=41",1,2,2,3,21,24,41,1
5,1BT-20-16SP,"Адаптер BSP 1.1/4"" Ш - BSPT 1"" Ш-к S=50",1,2,2,3,51,21,50,1
6,1BT-20-16SP A,"Адаптер BSP 1.1/4"" Ш - BSPT 1"" Ш-к S=50",1,2,2,3,51,21,50,1
7,1BT-08SP,"Адаптер BSP 1/2"" Ш - BSPT 1/2"" Ш-к S=27",1,2,2,3,22,22,27,1
8,1BT-08SP A,"Адаптер BSP 1/2"" Ш - BSPT 1/2"" Ш-к S=27",1,2,2,3,22,22,27,1
9,1BT-08-04SP,"Адаптер BSP 1/2"" Ш - BSPT 1/4"" Ш-к S=27",1,2,2,3,22,23,27,1
10,1BT-08-04SP A,"Адаптер BSP 1/2"" Ш - BSPT 1/4"" Ш-к S=27",1,2,2,3,22,23,27,1
11,1BT-08-12SP,"Адаптер BSP 1/2"" Ш - BSPT 3/4"" Ш-к S=27",1,2,2,3,22,24,27,1
12,1BT-08-12SP A,"Адаптер BSP 1/2"" Ш - BSPT 3/4"" Ш-к S=27",1,2,2,3,22,24,27,1
13,1BT-08-06SP,"Адаптер BSP 1/2"" Ш - BSPT 3/8"" Ш-к S=27",1,2,2,3,22,25,27,1
14,1BT-08-06SP A,"Адаптер BSP 1/2"" Ш - BSPT 3/8"" Ш-к S=27",1,2,2,3,22,25,27,1
15,1BT-04-08SP,"Адаптер BSP 1/4"" Ш - BSPT 1/2"" Ш-к S=22",1,2,2,3,23,22,22,1
16,1BT-04-08SP A,"Адаптер BSP 1/4"" Ш - BSPT 1/2"" Ш-к S=22",1,2,2,3,23,22,22,1
17,1BT-04SP,"Адаптер BSP 1/4"" Ш - BSPT 1/4"" Ш-к S=14",1,2,2,3,23,23,14,1
18,1BT-04SP,"Адаптер BSP 1/4"" Ш - BSPT 1/4"" Ш-к S=19",1,2,2,3,23,23,19,1
19,1BT-04SP A,"Адаптер BSP 1/4"" Ш - BSPT 1/4"" Ш-к S=19",1,2,2,3,23,23,19,1
20,1BT-04-02SP,"Адаптер BSP 1/4"" Ш - BSPT 1/8"" Ш-к S=19",1,2,2,3,23,28,19,1
21,1BT-04-02SP A,"Адаптер BSP 1/4"" Ш - BSPT 1/8"" Ш-к S=19",1,2,2,3,23,28,19,1
22,1BT-04-06SP,"Адаптер BSP 1/4"" Ш - BSPT 3/8"" Ш-к S=19",1,2,2,3,23,25,19,1
23,1BT-04-06SP A,"Адаптер BSP 1/4"" Ш - BSPT 3/8"" Ш-к S=19",1,2,2,3,23,25,19,1
24,1BT-02-04SP,"Адаптер BSP 1/8"" Ш - BSPT 1/4"" Ш-к",1,2,2,3,28,23,,1
25,1BT-02-04SP A,"Адаптер BSP 1/8"" Ш - BSPT 1/4"" Ш-к S=17",1,2,2,3,28,23,17,1
26,1BT-02SP,"Адаптер BSP 1/8"" Ш - BSPT 1/8"" Ш-к S=14",1,2,2,3,28,28,14,1
27,1BT-02SP A,"Адаптер BSP 1/8"" Ш - BSPT 1/8"" Ш-к S=14",1,2,2,3,28,28,14,1
28,1BT-12-16SP,"Адаптер BSP 3/4"" Ш - BSPT 1"" Ш-к S=36",1,2,2,3,24,21,36,1
29,1BT-12-16SP A,"Адаптер BSP 3/4"" Ш - BSPT 1"" Ш-к S=36",1,2,2,3,24,21,36,1
30,1BT-12-08SP,"Адаптер BSP 3/4"" Ш - BSPT 1/2"" Ш-к S=32",1,2,2,3,24,22,32,1
31,1BT-12-08SP A,"Адаптер BSP 3/4"" Ш - BSPT 1/2"" Ш-к S=32",1,2,2,3,24,22,32,1
32,1BT-12SP A,"Адаптер BSP 3/4"" Ш - BSPT 3/4"" Ш-к S=32",1,2,2,3,24,24,32,1
33,1BT-12SP,"Адаптер BSP 3/4"" Ш - BSPT 3/4"" Ш-к S=32",1,2,2,3,24,24,32,1
34,1BT-06-08SP,"Адаптер BSP 3/8"" Ш - BSPT 1/2"" Ш-к S=22",1,2,2,3,25,22,22,1
35,1BT-06-08SP A,"Адаптер BSP 3/8"" Ш - BSPT 1/2"" Ш-к S=22",1,2,2,3,25,22,22,1
36,1BT-06-04SP,"Адаптер BSP 3/8"" Ш - BSPT 1/4"" Ш-к S=22",1,2,2,3,25,23,22,1
37,1BT-06-04SP A,"Адаптер BSP 3/8"" Ш - BSPT 1/4"" Ш-к S=22",1,2,2,3,25,23,22,1
38,1BT-06SP,"Адаптер BSP 3/8"" Ш - BSPT 3/8"" Ш-к S=22",1,2,2,3,25,25,22,1
39,1BT-06SP A,"Адаптер BSP 3/8"" Ш - BSPT 3/8"" Ш-к S=22",1,2,2,3,25,25,22,1
40,1BQ-08-16D A,"Адаптер BSP 1/2"" Ш - DKI 16х1,5  Ш S=27",1,2,6,2,22,6,27,1
41,1BQ-08-16D,"Адаптер BSP 1/2"" Ш - DKI 16х1,5  Ш S=27",1,2,6,2,22,6,27,1
42,1BQ-12-27D A,"Адаптер BSP 3/4"" Ш - DKI 27х1,5  Ш S=32",1,2,6,2,24,12,32,1
43,1BQ-12-27D,"Адаптер BSP 3/4"" Ш - DKI 27х1,5  Ш S=32",1,2,6,2,24,12,32,1
44,1BQ-12-27 A,"Адаптер BSP 3/4"" Ш - DKI 27х2  Ш S=32",1,2,6,2,24,119,32,1
45,1BQ-12-27,"Адаптер BSP 3/4"" Ш - DKI 27х2  Ш S=32",1,2,6,2,24,119,32,1
46,3B-16,"Адаптер BSP Г/Г 1""-1""",1,1,1,1,21,21,,1
47,3B-16 A,"Адаптер BSP Г/Г 1""-1""",1,1,1,1,21,21,,1
48,3B-08 A,"Адаптер BSP Г/Г 1/2""-1/2""",1,1,1,1,22,22,,1
49,3B-08,"Адаптер BSP Г/Г 1/2""-1/2""",1,1,1,1,22,22,,1
50,3B-08-12 A,"Адаптер BSP Г/Г 1/2""-3/4""",1,1,1,1,22,24,,1
51,3B-08-12,"Адаптер BSP Г/Г 1/2""-3/4""",1,1,1,1,22,24,,1
52,3B-08-10 A,"Адаптер BSP Г/Г 1/2""-5/8""",1,1,1,1,22,37,,1
53,3B-08-10,"Адаптер BSP Г/Г 1/2""-5/8""",1,1,1,1,22,37,,1
54,3B-04-08 A,"Адаптер BSP Г/Г 1/4""-1/2""",1,1,1,1,23,22,,1
55,3B-04-08,"Адаптер BSP Г/Г 1/4""-1/2""",1,1,1,1,23,22,,1
56,3B-04 A,"Адаптер BSP Г/Г 1/4""-1/4""",1,1,1,1,23,23,,1
57,3B-04,"Адаптер BSP Г/Г 1/4""-1/4""",1,1,1,1,23,23,,1
58,3B-04-06 A,"Адаптер BSP Г/Г 1/4""-3/8""",1,1,1,1,23,25,,1
59,3B-04-06,"Адаптер BSP Г/Г 1/4""-3/8""",1,1,1,1,23,25,,1
60,3B-12 A,"Адаптер BSP Г/Г 3/4""-3/4""",1,1,1,1,24,24,,1
61,3B-12,"Адаптер BSP Г/Г 3/4""-3/4""",1,1,1,1,24,24,,1
62,3B-06-08 A,"Адаптер BSP Г/Г 3/8""-1/2""",1,1,1,1,25,22,,1
63,3B-06-08,"Адаптер BSP Г/Г 3/8""-1/2""",1,1,1,1,25,22,,1
64,3B-06 A,"Адаптер BSP Г/Г 3/8""-3/8"" ",1,1,1,1,25,25,,1
65,3B-06,"Адаптер BSP Г/Г 3/8""-3/8""",1,1,1,1,25,25,,1
66,3B-10-12,"Адаптер BSP Г/Г 5/8""-3/4""",1,1,1,1,37,24,,1
67,3B-10-12 A,"Адаптер BSP Г/Г 5/8""-3/4""",1,1,1,1,37,24,,1
68,3B-10,"Адаптер BSP Г/Г 5/8""-5/8""",1,1,1,1,37,37,,1
69,3B-10 A,"Адаптер BSP Г/Г 5/8""-5/8""",1,1,1,1,37,37,,1
70,2B-16,"Адаптер BSP Ш/Г 1""-1"" S=41",1,2,1,1,21,21,41,1
71,2B-16 A,"Адаптер BSP Ш/Г 1""-1"" S=41",1,2,1,1,21,21,41,1
72,2B-16-20,"Адаптер BSP Ш/Г 1""-1.1/4""",1,2,1,1,21,51,,1
73,2B-16-20 A,"Адаптер BSP Ш/Г 1""-1.1/4""",1,2,1,1,21,51,,1
74,2B-16-12,"Адаптер BSP Ш/Г 1""-3/4"" S=41",1,2,1,1,21,24,41,1
75,2B-16-12 A,"Адаптер BSP Ш/Г 1""-3/4"" S=41",1,2,1,1,21,24,41,1
76,2B-08,"Адаптер BSP Ш/Г 1/2""-1/2"" S=27",1,2,1,1,22,22,27,1
77,2B-08 A,"Адаптер BSP Ш/Г 1/2""-1/2"" S=27",1,2,1,1,22,22,27,1
78,2B-08-04,"Адаптер BSP Ш/Г 1/2""-1/4"" S=27",1,2,1,1,22,23,27,1
79,2B-08-04 A,"Адаптер BSP Ш/Г 1/2""-1/4"" S=27",1,2,1,1,22,23,27,1
80,2B-08-12,"Адаптер BSP Ш/Г 1/2""-3/4"" S=27",1,2,1,1,22,24,27,1
81,2B-08-12 A,"Адаптер BSP Ш/Г 1/2""-3/4"" S=27",1,2,1,1,22,24,27,1
82,2B-08-06,"Адаптер BSP Ш/Г 1/2""-3/8"" S=27",1,2,1,1,22,25,27,1
83,2B-08-06 A,"Адаптер BSP Ш/Г 1/2""-3/8"" S=27",1,2,1,1,22,25,27,1
84,2B-04-08,"Адаптер BSP Ш/Г 1/4""-1/2"" S=19",1,2,1,1,23,22,19,1
85,2B-04-08 A,"Адаптер BSP Ш/Г 1/4""-1/2"" S=19",1,2,1,1,23,22,19,1
86,2B-04,"Адаптер BSP Ш/Г 1/4""-1/4"" S=19",1,2,1,1,23,23,19,1
87,2B-04 A,"Адаптер BSP Ш/Г 1/4""-1/4"" S=19",1,2,1,1,23,23,19,1
88,2B-04-06,"Адаптер BSP Ш/Г 1/4""-3/8"" S=19",1,2,1,1,23,25,19,1
89,2B-04-06 A,"Адаптер BSP Ш/Г 1/4""-3/8"" S=19",1,2,1,1,23,25,19,1
90,2B-12-16 A,"Адаптер BSP Ш/Г 3/4""-1"" S=32",1,2,1,1,24,21,32,1
91,2B-12-16,"Адаптер BSP Ш/Г 3/4""-1"" S=32",1,2,1,1,24,21,32,1
92,2B-12-08,"Адаптер BSP Ш/Г 3/4""-1/2"" S=32",1,2,1,1,24,22,32,1
93,2B-12-08 A,"Адаптер BSP Ш/Г 3/4""-1/2"" S=32",1,2,1,1,24,22,32,1
94,2B-12 A,"Адаптер BSP Ш/Г 3/4""-3/4"" S=32",1,2,1,1,24,24,32,1
95,2B-12,"Адаптер BSP Ш/Г 3/4""-3/4"" S=32",1,2,1,1,24,24,32,1
96,2B-12-06,"Адаптер BSP Ш/Г 3/4""-3/8"" S=32",1,2,1,1,24,25,32,1
97,2B-12-06 A,"Адаптер BSP Ш/Г 3/4""-3/8"" S=32",1,2,1,1,24,25,32,1
98,2B-06-08 A,"Адаптер BSP Ш/Г 3/8""-1/2"" S=22",1,2,1,1,25,22,22,1
99,2B-06-08,"Адаптер BSP Ш/Г 3/8""-1/2"" S=22",1,2,1,1,25,22,22,1
100,2B-06-04,"Адаптер BSP Ш/Г 3/8""-1/4"" S=22",1,2,1,1,25,23,22,1
101,2B-06-04 A,"Адаптер BSP Ш/Г 3/8""-1/4"" S=22",1,2,1,1,25,23,22,1
102,2B-06 A,"Адаптер BSP Ш/Г 3/8""-3/8"" S=22",1,2,1,1,25,25,22,1
103,2B-06,"Адаптер BSP Ш/Г 3/8""-3/8"" S=22",1,2,1,1,25,25,22,1
104,2B-10-12,"Адаптер BSP Ш/Г 5/8""-3/4"" S=32",1,2,1,1,37,24,32,1
105,2B-10-12 A,"Адаптер BSP Ш/Г 5/8""-3/4"" S=32",1,2,1,1,37,24,32,1
106,1B-16 A,"Адаптер BSP Ш/Ш 1""-1"" S=41",1,2,1,2,21,21,41,1
107,1B-16,"Адаптер BSP Ш/Ш 1""-1"" S=41",1,2,1,2,21,21,41,1
108,1B-16-24,"Адаптер BSP Ш/Ш 1""-1,1/2"" S=55",1,2,1,2,21,72,55,1
109,1B-16-24 A,"Адаптер BSP Ш/Ш 1""-1,1/2"" S=55",1,2,1,2,21,72,55,1
110,1B-16-20 A,"Адаптер BSP Ш/Ш 1""-1,1/4"" S=50",1,2,1,2,21,51,50,1
111,1B-16-20,"Адаптер BSP Ш/Ш 1""-1,1/4"" S=50",1,2,1,2,21,51,50,1
112,1B-16-32,"Адаптер BSP Ш/Ш 1""-2"" S=65",1,2,1,2,21,49,65,1
113,1B-16-32 A,"Адаптер BSP Ш/Ш 1""-2"" S=65",1,2,1,2,21,49,65,1
114,1B-24,"Адаптер BSP Ш/Ш 1,1/2""-1,1/2"" S=55",1,2,1,2,72,72,55,1
115,1B-24 A,"Адаптер BSP Ш/Ш 1,1/2""-1,1/2"" S=55 ",1,2,1,2,72,72,55,1
116,1B-24-32 A,"Адаптер BSP Ш/Ш 1,1/2""-2"" S=65",1,2,1,2,72,49,65,1
117,1B-24-32,"Адаптер BSP Ш/Ш 1,1/2""-2"" S=65,70",1,2,1,2,72,49,70,1
118,1B-20-24 A,"Адаптер BSP Ш/Ш 1,1/4""-1,1/2"" S=55",1,2,1,2,51,72,55,1
119,1B-20-24,"Адаптер BSP Ш/Ш 1,1/4""-1,1/2"" S=55",1,2,1,2,51,72,55,1
120,1B-20 A,"Адаптер BSP Ш/Ш 1,1/4""-1,1/4"" S=50",1,2,1,2,51,51,50,1
121,1B-20,"Адаптер BSP Ш/Ш 1,1/4""-1,1/4"" S=50",1,2,1,2,51,51,50,1
122,1B-20-32,"Адаптер BSP Ш/Ш 1,1/4""-2"" S=65",1,2,1,2,51,49,65,1
123,1B-20-32 A,"Адаптер BSP Ш/Ш 1,1/4""-2"" S=65",1,2,1,2,51,49,65,1
124,1B-08-16,"Адаптер BSP Ш/Ш 1/2""-1"" S=41",1,2,1,2,22,21,41,1
125,1B-08-16 A,"Адаптер BSP Ш/Ш 1/2""-1"" S=41",1,2,1,2,22,21,41,1
126,1B-08 A,"Адаптер BSP Ш/Ш 1/2""-1/2"" S=27",1,2,1,2,22,22,27,1
127,1B-08,"Адаптер BSP Ш/Ш 1/2""-1/2"" S=27",1,2,1,2,22,22,27,1
128,1B-08-12 A,"Адаптер BSP Ш/Ш 1/2""-3/4"" S=32",1,2,1,2,22,24,32,1
129,1B-08-12,"Адаптер BSP Ш/Ш 1/2""-3/4"" S=32",1,2,1,2,22,24,32,1
130,1B-08-10,"Адаптер BSP Ш/Ш 1/2""-5/8"" S=30",1,2,1,2,22,37,30,1
131,1B-08-10 A,"Адаптер BSP Ш/Ш 1/2""-5/8"" S=30",1,2,1,2,22,37,30,1
132,1B-04-08 A,"Адаптер BSP Ш/Ш 1/4""-1/2"" S=27",1,2,1,2,23,22,27,1
133,1B-04-08,"Адаптер BSP Ш/Ш 1/4""-1/2"" S=27",1,2,1,2,23,22,27,1
134,1B-04 A,"Адаптер BSP Ш/Ш 1/4""-1/4"" S=19",1,2,1,2,23,23,19,1
135,1B-04,"Адаптер BSP Ш/Ш 1/4""-1/4"" S=19",1,2,1,2,23,23,19,1
136,1B-04-12,"Адаптер BSP Ш/Ш 1/4""-3/4"" S=32",1,2,1,2,23,24,32,1
137,1B-04-12 A,"Адаптер BSP Ш/Ш 1/4""-3/4"" S=32",1,2,1,2,23,24,32,1
138,1B-04-06 A,"Адаптер BSP Ш/Ш 1/4""-3/8"" S=22",1,2,1,2,23,25,22,1
139,1B-04-06,"Адаптер BSP Ш/Ш 1/4""-3/8"" S=22",1,2,1,2,23,25,22,1
140,1B-02-04,"Адаптер BSP Ш/Ш 1/8""-1/4"" S=19",1,2,1,2,28,23,19,1
141,1B-02-04 A,"Адаптер BSP Ш/Ш 1/8""-1/4"" S=19",1,2,1,2,28,23,19,1
142,1B-02,"Адаптер BSP Ш/Ш 1/8""-1/8"" S=14",1,2,1,2,28,28,14,1
143,1B-02 A,"Адаптер BSP Ш/Ш 1/8""-1/8"" S=14",1,2,1,2,28,28,14,1
144,1B-02-06,"Адаптер BSP Ш/Ш 1/8""-3/8"" S=22",1,2,1,2,28,25,22,1
145,1B-02-06 A,"Адаптер BSP Ш/Ш 1/8""-3/8"" S=22",1,2,1,2,28,25,22,1
146,1B-32,"Адаптер BSP Ш/Ш 2""-2"" S=65,70",1,2,1,2,49,49,70,1
147,1B-32 A,"Адаптер BSP Ш/Ш 2""-2"" S=75 ст20",1,2,1,2,49,49,20,1
148,1B-12-16 A,"Адаптер BSP Ш/Ш 3/4""-1"" S=41",1,2,1,2,24,21,41,1
149,1B-12-16,"Адаптер BSP Ш/Ш 3/4""-1"" S=41",1,2,1,2,24,21,41,1
150,1B-12-20,"Адаптер BSP Ш/Ш 3/4""-1,1/4"" S=50",1,2,1,2,24,51,50,1
151,1B-12-20 A,"Адаптер BSP Ш/Ш 3/4""-1,1/4"" S=50",1,2,1,2,24,51,50,1
152,1B-12 A,"Адаптер BSP Ш/Ш 3/4""-3/4"" S=32",1,2,1,2,24,24,32,1
153,1B-12,"Адаптер BSP Ш/Ш 3/4""-3/4"" S=32",1,2,1,2,24,24,32,1
154,1B-06-08,"Адаптер BSP Ш/Ш 3/8""-1/2"" S=27",1,2,1,2,25,22,27,1
155,1B-06-08 A,"Адаптер BSP Ш/Ш 3/8""-1/2"" S=27",1,2,1,2,25,22,27,1
156,1B-06-12 A,"Адаптер BSP Ш/Ш 3/8""-3/4"" S=32",1,2,1,2,25,24,32,1
157,1B-06-12,"Адаптер BSP Ш/Ш 3/8""-3/4"" S=32",1,2,1,2,25,24,32,1
158,1B-06 A,"Адаптер BSP Ш/Ш 3/8""-3/8"" S=22",1,2,1,2,25,25,22,1
159,1B-06,"Адаптер BSP Ш/Ш 3/8""-3/8"" S=22",1,2,1,2,25,25,22,1
160,1B-06-10,"Адаптер BSP Ш/Ш 3/8""-5/8"" S=30",1,2,1,2,25,37,30,1
161,1B-06-10 A,"Адаптер BSP Ш/Ш 3/8""-5/8"" S=30",1,2,1,2,25,37,30,1
162,1B-10-16 A,"Адаптер BSP Ш/Ш 5/8""-1"" S=41",1,2,1,2,37,21,41,1
163,1B-10-16,"Адаптер BSP Ш/Ш 5/8""-1"" S=41",1,2,1,2,37,21,41,1
164,1B-10-12,"Адаптер BSP Ш/Ш 5/8""-3/4"" S=32",1,2,1,2,37,24,32,1
165,1B-10-12 A,"Адаптер BSP Ш/Ш 5/8""-3/4"" S=32",1,2,1,2,37,24,32,1
166,1B-10,"Адаптер BSP Ш/Ш 5/8""-5/8"" S=30",1,2,1,2,37,37,30,1
167,1B-10 A,"Адаптер BSP Ш/Ш 5/8""-5/8"" S=30",1,2,1,2,37,37,30,1
168,2BM-08-20,"Адаптер BSP 1/2"" Ш - DKМ 20x1.5 Г S=27",1,2,11,1,22,8,27,1
169,2BM-08-20 A,"Адаптер BSP 1/2"" Ш - DKМ 20x1,5 Г S=27",1,2,11,1,22,8,27,1
170,2BM-08-22,"Адаптер BSP 1/2"" Ш - DKМ 22x1,5 Г S=27",1,2,11,1,22,9,27,1
171,2BM-08-22 A,"Адаптер BSP 1/2"" Ш - DKМ 22x1,5 Г S=27",1,2,11,1,22,9,27,1
172,2BM-08-24 A,"Адаптер BSP 1/2"" Ш - DKМ 24x1,5 Г S=27",1,2,11,1,22,10,27,1
173,2BM-08-27D,"Адаптер BSP 1/2"" Ш - DKМ 27x1,5 Г S=27",1,2,11,1,22,12,27,1
174,2BM-08-27D A,"Адаптер BSP 1/2"" Ш - DKМ 27x1,5 Г S=32",1,2,11,1,22,12,32,1
175,2BM-12-20,"Адаптер BSP 3/4"" Ш - DKМ 20x1,5 Г S=32",1,2,11,1,24,8,32,1
176,2BM-12-20 A,"Адаптер BSP 3/4"" Ш - DKМ 20x1,5 Г S=32",1,2,11,1,24,8,32,1
177,2BM-12-22 A,"Адаптер BSP 3/4"" Ш - DKМ 22x1,5 Г S=32",1,2,11,1,24,9,32,1
178,2BM-12-22,"Адаптер BSP 3/4"" Ш - DKМ 22x1,5 Г S=32",1,2,11,1,24,9,32,1
179,2BM-12-24 A,"Адаптер BSP 3/4"" Ш - DKМ 24x1,5 Г S=32",1,2,11,1,24,10,32,1
180,2BM-12-27D A,"Адаптер BSP 3/4"" Ш - DKМ 27x1,5 Г S=32",1,2,11,1,24,12,32,1
181,2BM-12-27D,"Адаптер BSP 3/4"" Ш - DKМ 27x1,5 Г S=32",1,2,11,1,24,12,32,1
182,2BM-06-20,"Адаптер BSP 3/8"" Ш - DKМ 20x1,5 Г S=22",1,2,11,1,25,8,22,1
183,2BM-06-20 A,"Адаптер BSP 3/8"" Ш - DKМ 20x1,5 Г S=22",1,2,11,1,25,8,22,1
184,2BM-10-20,"Адаптер BSP 5/8"" Ш - DKМ 20x1,5 Г S=30",1,2,11,1,37,128,30,1
185,2BM-10-20 A,"Адаптер BSP 5/8"" Ш - DKМ 20x1,5 Г S=30",1,2,11,1,37,8,30,1
186,1BM-16-24,"Адаптер BSP 1"" Ш - DKМ 24х1,5 Ш S=41",1,2,11,2,21,10,41,1
187,1BM-16-24 A,"Адаптер BSP 1"" Ш - DKМ 24х1,5 Ш S=41",1,2,11,2,21,10,41,1
188,1BM-16-27D,"Адаптер BSP 1"" Ш - DKМ 27х1,5 Ш S=41",1,2,11,2,21,12,41,1
189,1BM-16-27D A,"Адаптер BSP 1"" Ш - DKМ 27х1,5 Ш S=41",1,2,11,2,21,12,41,1
190,1BM-16-27 A,"Адаптер BSP 1"" Ш - DKМ 27х2 Ш S=41",1,2,11,2,21,119,41,1
191,1BM-16-27,"Адаптер BSP 1"" Ш - DKМ 27х2 Ш S=41",1,2,11,2,21,119,41,1
192,1BM-16-30D,"Адаптер BSP 1"" Ш - DKМ 30х1,5 Ш S=41",1,2,11,2,21,13,41,1
193,1BM-16-30D A,"Адаптер BSP 1"" Ш - DKМ 30х1,5 Ш S=41",1,2,11,2,21,13,41,1
194,1BM-16-30,"Адаптер BSP 1"" Ш - DKМ 30х2 Ш S=41",1,2,11,2,21,14,41,1
195,1BM-16-30 A,"Адаптер BSP 1"" Ш - DKМ 30х2 Ш S=41",1,2,11,2,21,14,41,1
196,1BM-16-33D,"Адаптер BSP 1"" Ш - DKМ 33х1,5 Ш S=41",1,2,11,2,21,15,41,1
197,1BM-16-33D A,"Адаптер BSP 1"" Ш - DKМ 33х1,5 Ш S=41",1,2,11,2,21,15,41,1
198,1BM-16-33,"Адаптер BSP 1"" Ш - DKМ 33х2 Ш S=41",1,2,11,2,21,16,41,1
199,1BM-16-33 A,"Адаптер BSP 1"" Ш - DKМ 33х2 Ш S=41",1,2,11,2,21,16,41,1
200,1BM-16-36D,"Адаптер BSP 1"" Ш - DKМ 36х1,5 Ш S=41",1,2,11,2,21,17,41,1
201,1BM-16-36D A,"Адаптер BSP 1"" Ш - DKМ 36х1,5 Ш S=41",1,2,11,2,21,17,41,1
202,1BM-16-36,"Адаптер BSP 1"" Ш - DKМ 36х2 Ш S=41",1,2,11,2,21,82,41,1
203,1BM-16-36 A,"Адаптер BSP 1"" Ш - DKМ 36х2 Ш S=41",1,2,11,2,21,82,41,1
204,1BM-16-42,"Адаптер BSP 1"" Ш - DKМ 42х2 Ш S=50",1,2,11,2,21,81,50,1
205,1BM-16-42 A,"Адаптер BSP 1"" Ш - DKМ 42х2 Ш S=50",1,2,11,2,21,81,50,1
206,1BM-08-12D,"Адаптер BSP 1/2"" Ш - DKМ 12х1,5 Ш S=27",1,2,11,2,22,3,27,1
207,1BM-08-12D A,"Адаптер BSP 1/2"" Ш - DKМ 12х1,5 Ш S=27",1,2,11,2,22,3,27,1
208,1BM-08-14D,"Адаптер BSP 1/2"" Ш - DKМ 14х1,5 Ш S=27",1,2,11,2,22,4,27,1
209,1BM-08-14D A,"Адаптер BSP 1/2"" Ш - DKМ 14х1,5 Ш S=27",1,2,11,2,22,4,27,1
210,1BM-08-16D,"Адаптер BSP 1/2"" Ш - DKМ 16х1,5 Ш S=27",1,2,11,2,22,6,27,1
211,1BM-08-16D A,"Адаптер BSP 1/2"" Ш - DKМ 16х1,5 Ш S=27",1,2,11,2,22,6,27,1
212,1BM-08-18,"Адаптер BSP 1/2"" Ш - DKМ 18х1,5 Ш S=27",1,2,11,2,22,7,27,1
213,1BM-08-18 A,"Адаптер BSP 1/2"" Ш - DKМ 18х1,5 Ш S=27",1,2,11,2,22,7,27,1
214,1BM-08-20 A,"Адаптер BSP 1/2"" Ш - DKМ 20х1,5 Ш S=27",1,2,11,2,22,8,27,1
215,1BM-08-20,"Адаптер BSP 1/2"" Ш - DKМ 20х1,5 Ш S=27",1,2,11,2,22,8,27,1
216,1BM-08-22 A,"Адаптер BSP 1/2"" Ш - DKМ 22х1,5 Ш S=27",1,2,11,2,22,9,27,1
217,1BM-08-22,"Адаптер BSP 1/2"" Ш - DKМ 22х1,5 Ш S=27",1,2,11,2,22,9,27,1
218,1BM-08-24,"Адаптер BSP 1/2"" Ш - DKМ 24х1,5 Ш S=30",1,2,11,2,22,10,30,1
219,1BM-08-24 A,"Адаптер BSP 1/2"" Ш - DKМ 24х1,5 Ш S=30",1,2,11,2,22,10,30,1
220,1BM-08-26D,"Адаптер BSP 1/2"" Ш - DKМ 26х1,5 Ш S=32",1,2,11,2,22,11,32,1
221,1BM-08-26D A,"Адаптер BSP 1/2"" Ш - DKМ 26х1,5 Ш S=32",1,2,11,2,22,11,32,1
222,1BM-08-27D,"Адаптер BSP 1/2"" Ш - DKМ 27х1,5 Ш S=32",1,2,11,2,22,12,32,1
223,1BM-08-27D A,"Адаптер BSP 1/2"" Ш - DKМ 27х1,5 Ш S=32",1,2,11,2,22,12,32,1
224,1BM-08-30,"Адаптер BSP 1/2"" Ш - DKМ 30х2 Ш S=36",1,2,11,2,22,14,36,1
225,1BM-08-30 A,"Адаптер BSP 1/2"" Ш - DKМ 30х2 Ш S=36",1,2,11,2,22,14,36,1
226,1BM-04-10,"Адаптер BSP 1/4"" Ш - DKМ 10х1 Ш S=19",1,2,11,2,23,1,19,1
227,1BM-04-10 A,"Адаптер BSP 1/4"" Ш - DKМ 10х1 Ш S=19",1,2,11,2,23,1,19,1
228,1BM-04-12D,"Адаптер BSP 1/4"" Ш - DKМ 12х1,5 Ш S=19",1,2,11,2,23,3,19,1
229,1BM-04-12D A,"Адаптер BSP 1/4"" Ш - DKМ 12х1,5 Ш S=19",1,2,11,2,23,3,19,1
230,1BM-04-14D,"Адаптер BSP 1/4"" Ш - DKМ 14х1,5 Ш S=19",1,2,11,2,23,4,19,1
231,1BM-04-14D A,"Адаптер BSP 1/4"" Ш - DKМ 14х1,5 Ш S=19",1,2,11,2,23,4,19,1
232,1BM-04-16D,"Адаптер BSP 1/4"" Ш - DKМ 16х1,5 Ш S=22",1,2,11,2,23,6,22,1
233,1BM-04-16D A,"Адаптер BSP 1/4"" Ш - DKМ 16х1,5 Ш S=22",1,2,11,2,23,6,22,1
234,1BM-04-18,"Адаптер BSP 1/4"" Ш - DKМ 18х1,5 Ш S=24",1,2,11,2,23,7,24,1
235,1BM-04-18 A,"Адаптер BSP 1/4"" Ш - DKМ 18х1,5 Ш S=24",1,2,11,2,23,7,24,1
236,1BM-12-18,"Адаптер BSP 3/4"" Ш - DKМ 18х1,5 Ш S=32",1,2,11,2,24,7,32,1
237,1BM-12-18 A,"Адаптер BSP 3/4"" Ш - DKМ 18х1,5 Ш S=32",1,2,11,2,24,7,32,1
238,1BM-12-20,"Адаптер BSP 3/4"" Ш - DKМ 20х1,5 Ш S=32",1,2,11,2,24,8,32,1
239,1BM-12-20 A,"Адаптер BSP 3/4"" Ш - DKМ 20х1,5 Ш S=32",1,2,11,2,24,8,32,1
240,1BM-12-22,"Адаптер BSP 3/4"" Ш - DKМ 22х1,5 Ш S=32",1,2,11,2,24,9,32,1
241,1BM-12-22 A,"Адаптер BSP 3/4"" Ш - DKМ 22х1,5 Ш S=32",1,2,11,2,24,9,32,1
242,1BM-12-24,"Адаптер BSP 3/4"" Ш - DKМ 24х1,5 Ш S=32",1,2,11,2,24,10,32,1
243,1BM-12-24 A,"Адаптер BSP 3/4"" Ш - DKМ 24х1,5 Ш S=32",1,2,11,2,24,10,32,1
244,1BM-12-26D,"Адаптер BSP 3/4"" Ш - DKМ 26х1,5  Ш S=32",1,2,11,2,24,11,32,1
245,1BM-12-26D A,"Адаптер BSP 3/4"" Ш - DKМ 26х1,5  Ш S=32",1,2,11,2,24,11,32,1
246,1BM-12-27D,"Адаптер BSP 3/4"" Ш - DKМ 27х1,5  Ш S=32",1,2,11,2,24,12,32,1
247,1BM-12-27D A,"Адаптер BSP 3/4"" Ш - DKМ 27х1,5  Ш S=32",1,2,11,2,24,12,32,1
248,1BM-12-27,"Адаптер BSP 3/4"" Ш - DKМ 27х2  Ш S=32",1,2,11,2,24,119,32,1
249,1BM-12-27 A,"Адаптер BSP 3/4"" Ш - DKМ 27х2  Ш S=32",1,2,11,2,24,119,32,1
250,1BM-12-30D,"Адаптер BSP 3/4"" Ш - DKМ 30х1,5 Ш S=36",1,2,11,2,24,13,36,1
251,1BM-12-30D A,"Адаптер BSP 3/4"" Ш - DKМ 30х1,5 Ш S=36",1,2,11,2,24,13,36,1
252,1BM-12-30,"Адаптер BSP 3/4"" Ш - DKМ 30х2 Ш S=36",1,2,11,2,24,14,36,1
253,1BM-12-30 A,"Адаптер BSP 3/4"" Ш - DKМ 30х2 Ш S=36",1,2,11,2,24,14,36,1
254,1BM-12-33D,"Адаптер BSP 3/4"" Ш - DKМ 33х1,5 Ш S=39",1,2,11,2,24,15,39,1
255,1BM-12-33D A,"Адаптер BSP 3/4"" Ш - DKМ 33х1,5 Ш S=41",1,2,11,2,24,15,41,1
256,1BM-12-33,"Адаптер BSP 3/4"" Ш - DKМ 33х2 Ш S=39",1,2,11,2,24,16,39,1
257,1BM-12-33 A,"Адаптер BSP 3/4"" Ш - DKМ 33х2 Ш S=41",1,2,11,2,24,16,41,1
258,1BM-12-36,"Адаптер BSP 3/4"" Ш - DKМ 36х2 Ш S=41",1,2,11,2,24,82,41,1
259,1BM-12-36 A,"Адаптер BSP 3/4"" Ш - DKМ 36х2 Ш S=41",1,2,11,2,24,82,41,1
260,1BM-06-12D,"Адаптер BSP 3/8"" Ш - DKМ 12х1,5 Ш S=22",1,2,11,2,25,3,22,1
261,1BM-06-12D A,"Адаптер BSP 3/8"" Ш - DKМ 12х1,5 Ш S=22",1,2,11,2,25,3,22,1
262,1BM-06-14D,"Адаптер BSP 3/8"" Ш - DKМ 14х1,5 Ш S=22",1,2,11,2,25,4,22,1
263,1BM-06-14D A,"Адаптер BSP 3/8"" Ш - DKМ 14х1,5 Ш S=22",1,2,11,2,25,4,22,1
264,1BM-06-16D,"Адаптер BSP 3/8"" Ш - DKМ 16х1,5 Ш S=22",1,2,11,2,25,6,22,1
265,1BM-06-16D A,"Адаптер BSP 3/8"" Ш - DKМ 16х1,5 Ш S=22",1,2,11,2,25,6,22,1
266,1BM-06-18,"Адаптер BSP 3/8"" Ш - DKМ 18х1,5 Ш S=24",1,2,11,2,25,7,24,1
267,1BM-06-18 A,"Адаптер BSP 3/8"" Ш - DKМ 18х1,5 Ш S=24",1,2,11,2,25,7,24,1
268,1BM-06-20,"Адаптер BSP 3/8"" Ш - DKМ 20х1,5 Ш S=27",1,2,11,2,25,8,27,1
269,1BM-06-20 A,"Адаптер BSP 3/8"" Ш - DKМ 20х1,5 Ш S=27",1,2,11,2,25,8,27,1
270,1BM-06-22,"Адаптер BSP 3/8"" Ш - DKМ 22х1,5 Ш S=27",1,2,11,2,25,9,27,1
271,1BM-06-22 A,"Адаптер BSP 3/8"" Ш - DKМ 22х1,5 Ш S=27",1,2,11,2,25,9,27,1
272,1BM-06-24,"Адаптер BSP 3/8"" Ш - DKМ 24х1,5 Ш S=30",1,2,11,2,25,10,30,1
273,1BM-06-24 A,"Адаптер BSP 3/8"" Ш - DKМ 24х1,5 Ш S=30",1,2,11,2,25,10,30,1
274,1BM-06-27D,"Адаптер BSP 3/8"" Ш - DKМ 27х1,5 Ш S=32",1,2,11,2,25,12,32,1
275,1BM-06-27D A,"Адаптер BSP 3/8"" Ш - DKМ 27х1,5 Ш S=32",1,2,11,2,25,12,32,1
276,1BM-06-27 A,"Адаптер BSP 3/8"" Ш - DKМ 27х2 Ш S=32",1,2,11,2,25,119,32,1
277,1BM-06-27,"Адаптер BSP 3/8"" Ш - DKМ 27х2 Ш S=32",1,2,11,2,25,119,32,1
278,2BC-06-18,"Адаптер BSP 3/8"" Ш - DKOL 18х1,5 Г S=22",1,2,4,1,25,7,22,1
279,2BC-06-18 A,"Адаптер BSP 3/8"" Ш - DKOL 18х1,5 Г S=22",1,2,4,1,25,7,22,1
280,1BC-16-22,"Адаптер BSP 1"" Ш - DKOL 22х1,5 Ш S=41",1,2,4,2,21,9,41,1
281,1BC-16-22 A,"Адаптер BSP 1"" Ш - DKOL 22х1,5 Ш S=41",1,2,4,2,21,9,41,1
282,1BC-16-26D A,"Адаптер BSP 1"" Ш - DKOL 26х1,5 Ш S=41",1,2,4,2,21,11,41,1
283,1BC-16-27D A,"Адаптер BSP 1"" Ш - DKOL 27х1,5 Ш S=41",1,2,4,2,21,12,41,1
284,1BC-16-27D,"Адаптер BSP 1"" Ш - DKOL 27х1,5 Ш S=41",1,2,4,2,21,12,41,1
285,1BC-16-30,"Адаптер BSP 1"" Ш - DKOL 30х2 Ш S=41",1,2,4,2,21,14,41,1
286,1BC-16-30 A,"Адаптер BSP 1"" Ш - DKOL 30х2 Ш S=41",1,2,4,2,21,14,41,1
287,1BC-16-36,"Адаптер BSP 1"" Ш - DKOL 36х2 Ш S=41",1,2,4,2,21,82,41,1
288,1BC-16-36 A,"Адаптер BSP 1"" Ш - DKOL 36х2 Ш S=41",1,2,4,2,21,82,41,1
289,1BC-16-42,"Адаптер BSP 1"" Ш - DKOL 42х2 Ш S=46",1,2,4,2,21,81,46,1
290,1BC-16-42 A,"Адаптер BSP 1"" Ш - DKOL 42х2 Ш S=46",1,2,4,2,21,81,46,1
291,1BC-08-12D,"Адаптер BSP 1/2"" Ш - DKOL 12х1,5 Ш S=27",1,2,4,2,22,3,27,1
292,1BC-08-12D A,"Адаптер BSP 1/2"" Ш - DKOL 12х1,5 Ш S=27",1,2,4,2,22,3,27,1
293,1BC-08-14D,"Адаптер BSP 1/2"" Ш - DKOL 14х1,5 Ш S=27",1,2,4,2,22,4,27,1
294,1BC-08-14D A,"Адаптер BSP 1/2"" Ш - DKOL 14х1,5 Ш S=27",1,2,4,2,22,4,27,1
295,1BC-08-16D,"Адаптер BSP 1/2"" Ш - DKOL 16х1,5 Ш S=27",1,2,4,2,22,6,27,1
296,1BC-08-16D A,"Адаптер BSP 1/2"" Ш - DKOL 16х1,5 Ш S=27",1,2,4,2,22,6,27,1
297,1BC-08-18 A,"Адаптер BSP 1/2"" Ш - DKOL 18х1,5 Ш S=27",1,2,4,2,22,7,27,1
298,1BC-08-18,"Адаптер BSP 1/2"" Ш - DKOL 18х1,5 Ш S=27",1,2,4,2,22,7,27,1
299,1BC-08-20,"Адаптер BSP 1/2"" Ш - DKOL 20х1,5 Ш S=27",1,2,4,2,22,8,27,1
300,1BC-08-20 A,"Адаптер BSP 1/2"" Ш - DKOL 20х1,5 Ш S=27",1,2,4,2,22,8,27,1
301,1BC-08-22 A,"Адаптер BSP 1/2"" Ш - DKOL 22х1,5 Ш S=27",1,2,4,2,22,9,27,1
302,1BC-08-22,"Адаптер BSP 1/2"" Ш - DKOL 22х1,5 Ш S=27",1,2,4,2,22,9,27,1
303,1BC-08-26D,"Адаптер BSP 1/2"" Ш - DKOL 26х1,5 Ш S=27",1,2,4,2,22,11,27,1
304,1BC-08-26D A,"Адаптер BSP 1/2"" Ш - DKOL 26х1,5 Ш S=27",1,2,4,2,22,11,27,1
305,1BC-08-27D,"Адаптер BSP 1/2"" Ш - DKOL 27х1,5 Ш S=27,30",1,2,4,2,22,12,30,1
306,1BC-08-27D A,"Адаптер BSP 1/2"" Ш - DKOL 27х1,5 Ш S=27,30",1,2,4,2,22,12,30,1
307,1BC-08-30,"Адаптер BSP 1/2"" Ш - DKOL 30х2 Ш S=32",1,2,4,2,22,14,32,1
308,1BC-08-30 A,"Адаптер BSP 1/2"" Ш - DKOL 30х2 Ш S=32",1,2,4,2,22,14,32,1
309,1BC-04-12,"Адаптер BSP 1/4"" Ш - DKOL 12х1 Ш S=19",1,2,4,2,23,73,19,1
310,1BC-04-12 A,"Адаптер BSP 1/4"" Ш - DKOL 12х1 Ш S=19",1,2,4,2,23,73,19,1
311,1BC-04-12D,"Адаптер BSP 1/4"" Ш - DKOL 12х1,5 Ш S=19",1,2,4,2,23,3,19,1
312,1BC-04-12D A,"Адаптер BSP 1/4"" Ш - DKOL 12х1,5 Ш S=19",1,2,4,2,23,3,19,1
313,1BC-04-14D,"Адаптер BSP 1/4"" Ш - DKOL 14х1,5 Ш S=19",1,2,4,2,23,4,19,1
314,1BC-04-14D A,"Адаптер BSP 1/4"" Ш - DKOL 14х1,5 Ш S=19",1,2,4,2,23,4,19,1
315,1BC-04-16D,"Адаптер BSP 1/4"" Ш - DKOL 16х1,5 Ш S=19",1,2,4,2,23,6,19,1
316,1BC-04-16D A,"Адаптер BSP 1/4"" Ш - DKOL 16х1,5 Ш S=19",1,2,4,2,23,6,19,1
317,1BC-04-18,"Адаптер BSP 1/4"" Ш - DKOL 18х1,5 Ш S=19",1,2,4,2,23,7,19,1
318,1BC-04-18 A,"Адаптер BSP 1/4"" Ш - DKOL 18х1,5 Ш S=19",1,2,4,2,23,7,19,1
319,1BC-04-20,"Адаптер BSP 1/4"" Ш - DKOL 20х1,5 Ш S=22",1,2,4,2,23,8,22,1
320,1BC-04-20 A,"Адаптер BSP 1/4"" Ш - DKOL 20х1,5 Ш S=22",1,2,4,2,23,8,22,1
321,1BC-02-12D,"Адаптер BSP 1/8"" Ш - DKOL 12х1,5 Ш S=14",1,2,4,2,28,3,14,1
322,1BC-02-12D A,"Адаптер BSP 1/8"" Ш - DKOL 12х1,5 Ш S=14",1,2,4,2,28,3,14,1
323,1BC-02-14D,"Адаптер BSP 1/8"" Ш - DKOL 14х1,5 Ш S=14",1,2,4,2,28,4,14,1
324,1BC-02-14D A,"Адаптер BSP 1/8"" Ш - DKOL 14х1,5 Ш S=14",1,2,4,2,28,4,14,1
325,1BC-12-18,"Адаптер BSP 3/4"" Ш - DKOL 18х1,5 Ш S=32",1,2,4,2,24,7,32,1
326,1BC-12-18 A,"Адаптер BSP 3/4"" Ш - DKOL 18х1,5 Ш S=32",1,2,4,2,24,7,32,1
327,1BC-12-20,"Адаптер BSP 3/4"" Ш - DKOL 20х1,5 Ш S=32",1,2,4,2,24,8,32,1
328,1BC-12-20 A,"Адаптер BSP 3/4"" Ш - DKOL 20х1,5 Ш S=32",1,2,4,2,24,8,32,1
329,1BC-12-22,"Адаптер BSP 3/4"" Ш - DKOL 22х1,5 Ш S=32",1,2,4,2,24,9,32,1
330,1BC-12-22 A,"Адаптер BSP 3/4"" Ш - DKOL 22х1,5 Ш S=32",1,2,4,2,24,9,32,1
331,1BC-12-26D,"Адаптер BSP 3/4"" Ш - DKOL 26х1,5 Ш S=32",1,2,4,2,24,11,32,1
332,1BC-12-26D A,"Адаптер BSP 3/4"" Ш - DKOL 26х1,5 Ш S=32",1,2,4,2,24,11,32,1
333,1BC-12-27D A,"Адаптер BSP 3/4"" Ш - DKOL 27х1,5 Ш S=32",1,2,4,2,24,12,32,1
334,1BC-12-27D,"Адаптер BSP 3/4"" Ш - DKOL 27х1,5 Ш S=32",1,2,4,2,24,12,32,1
335,1BC-12-30,"Адаптер BSP 3/4"" Ш - DKOL 30х2 Ш S=32",1,2,4,2,24,14,32,1
336,1BC-12-30 A,"Адаптер BSP 3/4"" Ш - DKOL 30х2 Ш S=32",1,2,4,2,24,14,32,1
337,1BC-12-33,"Адаптер BSP 3/4"" Ш - DKOL 33х2 Ш S=36",1,2,4,2,24,16,36,1
338,1BC-12-33 A,"Адаптер BSP 3/4"" Ш - DKOL 33х2 Ш S=36",1,2,4,2,24,16,36,1
339,1BC-12-36,"Адаптер BSP 3/4"" Ш - DKOL 36х2 Ш S=39",1,2,4,2,24,82,39,1
340,1BC-12-36 A,"Адаптер BSP 3/4"" Ш - DKOL 36х2 Ш S=41",1,2,4,2,24,82,41,1
341,1BC-06-12D,"Адаптер BSP 3/8"" Ш - DKOL 12х1,5 Ш S=22",1,2,4,2,25,3,22,1
342,1BC-06-12D A,"Адаптер BSP 3/8"" Ш - DKOL 12х1,5 Ш S=22",1,2,4,2,25,3,22,1
343,1BC-06-14D,"Адаптер BSP 3/8"" Ш - DKOL 14х1,5 Ш S=22",1,2,4,2,25,4,22,1
344,1BC-06-14D A,"Адаптер BSP 3/8"" Ш - DKOL 14х1,5 Ш S=22",1,2,4,2,25,4,22,1
345,1BC-06-16D A,"Адаптер BSP 3/8"" Ш - DKOL 16х1,5 Ш S=22",1,2,4,2,25,6,22,1
346,1BC-06-16D,"Адаптер BSP 3/8"" Ш - DKOL 16х1,5 Ш S=22",1,2,4,2,25,6,22,1
347,1BC-06-18 A,"Адаптер BSP 3/8"" Ш - DKOL 18х1,5 Ш S=22",1,2,4,2,25,7,22,1
348,1BC-06-18,"Адаптер BSP 3/8"" Ш - DKOL 18х1,5 Ш S=22",1,2,4,2,25,7,22,1
349,1BC-06-20,"Адаптер BSP 3/8"" Ш - DKOL 20х1,5 Ш S=22",1,2,4,2,25,8,22,1
350,1BC-06-20 A,"Адаптер BSP 3/8"" Ш - DKOL 20х1,5 Ш S=22",1,2,4,2,25,8,22,1
351,1BC-06-22,"Адаптер BSP 3/8"" Ш - DKOL 22х1,5 Ш S=24",1,2,4,2,25,9,24,1
352,1BC-06-22 A,"Адаптер BSP 3/8"" Ш - DKOL 22х1,5 Ш S=24",1,2,4,2,25,9,24,1
353,1BC-06-24,"Адаптер BSP 3/8"" Ш - DKOL 24х1,5 Ш S=27",1,2,4,2,25,10,27,1
354,1BC-06-24 A,"Адаптер BSP 3/8"" Ш - DKOL 24х1,5 Ш S=27",1,2,4,2,25,10,27,1
355,1BC-06-30,"Адаптер BSP 3/8"" Ш - DKOL 30х2 Ш S=32",1,2,4,2,25,14,32,1
356,1BC-06-30 A,"Адаптер BSP 3/8"" Ш - DKOL 30х2 Ш S=32",1,2,4,2,25,14,32,1
433,2BD-08-20,"Адаптер BSP 1/2"" Ш - DKOS 20х1,5 Г S=27",1,2,5,1,22,8,27,1
434,2BD-08-20 A,"Адаптер BSP 1/2"" Ш - DKOS 20х1,5 Г S=27",1,2,5,1,22,8,27,1
435,1BD-16-24,"Адаптер BSP 1"" Ш - DKOS 24х1,5 Ш S=41",1,2,5,2,21,10,41,1
436,1BD-16-24 A,"Адаптер BSP 1"" Ш - DKOS 24х1,5 Ш S=41",1,2,5,2,21,10,41,1
437,1BD-16-30,"Адаптер BSP 1"" Ш - DKOS 30х2 Ш S=41",1,2,5,2,21,14,41,1
438,1BD-16-30 A,"Адаптер BSP 1"" Ш - DKOS 30х2 Ш S=41",1,2,5,2,21,14,41,1
439,1BD-16-36,"Адаптер BSP 1"" Ш - DKOS 36х2 Ш S=41",1,2,5,2,21,82,41,1
440,1BD-16-36 A,"Адаптер BSP 1"" Ш - DKOS 36х2 Ш S=41",1,2,5,2,21,82,41,1
441,1BD-16-42,"Адаптер BSP 1"" Ш - DKOS 42х2 Ш S=46",1,2,5,2,21,81,46,1
442,1BD-16-42 A,"Адаптер BSP 1"" Ш - DKOS 42х2 Ш S=46",1,2,5,2,21,81,46,1
443,1BD-20-42,"Адаптер BSP 1,1/4"" Ш - DKOS 42х2 Ш S=50",1,2,5,2,51,81,50,1
444,1BD-20-42 A,"Адаптер BSP 1,1/4"" Ш - DKOS 42х2 Ш S=50",1,2,5,2,51,81,50,1
445,1BD-08-20,"Адаптер BSP 1/2"" Ш - DKOS 20х1,5 Ш S=27",1,2,5,2,22,8,27,1
446,1BD-08-20 A,"Адаптер BSP 1/2"" Ш - DKOS 20х1,5 Ш S=27",1,2,5,2,22,8,27,1
447,1BD-08-22,"Адаптер BSP 1/2"" Ш - DKOS 22х1,5 Ш S=27",1,2,5,2,22,9,27,1
448,1BD-08-22 A,"Адаптер BSP 1/2"" Ш - DKOS 22х1,5 Ш S=27",1,2,5,2,22,9,27,1
449,1BD-08-24,"Адаптер BSP 1/2"" Ш - DKOS 24х1,5 Ш S=27",1,2,5,2,22,10,27,1
450,1BD-08-24 A,"Адаптер BSP 1/2"" Ш - DKOS 24х1,5 Ш S=27",1,2,5,2,22,10,27,1
451,1BD-08-30,"Адаптер BSP 1/2"" Ш - DKOS 30х2 Ш S=32",1,2,5,2,22,14,32,1
452,1BD-08-30 A,"Адаптер BSP 1/2"" Ш - DKOS 30х2 Ш S=32",1,2,5,2,22,14,32,1
453,1BD-04-14D,"Адаптер BSP 1/4"" Ш - DKOS 14х1,5 Ш S=19",1,2,5,2,23,4,19,1
454,1BD-04-14D A,"Адаптер BSP 1/4"" Ш - DKOS 14х1,5 Ш S=19",1,2,5,2,23,4,19,1
455,1BD-04-16D,"Адаптер BSP 1/4"" Ш - DKOS 16х1,5 Ш S=19",1,2,5,2,23,6,19,1
456,1BD-04-16D A,"Адаптер BSP 1/4"" Ш - DKOS 16х1,5 Ш S=19",1,2,5,2,23,6,19,1
457,1BD-02-14D,"Адаптер BSP 1/8"" Ш - DKOS 14х1,5 Ш S=19",1,2,5,2,28,4,19,1
458,1BD-02-14D A,"Адаптер BSP 1/8"" Ш - DKOS 14х1,5 Ш S=19",1,2,5,2,28,4,19,1
459,1BD-02-16D A,"Адаптер BSP 1/8"" Ш - DKOS 16х1,5 Ш S=17",1,2,5,2,28,6,17,1
460,1BD-02-16D,"Адаптер BSP 1/8"" Ш - DKOS 16х1,5 Ш S=17",1,2,5,2,28,6,17,1
461,1BD-12-20,"Адаптер BSP 3/4"" Ш - DKOS 20х1,5 Ш S=32",1,2,5,2,24,8,32,1
462,1BD-12-20 A,"Адаптер BSP 3/4"" Ш - DKOS 20х1,5 Ш S=32",1,2,5,2,24,8,32,1
463,1BD-12-24 A,"Адаптер BSP 3/4"" Ш - DKOS 24х1,5 Ш S=32",1,2,5,2,24,10,32,1
464,1BD-12-24,"Адаптер BSP 3/4"" Ш - DKOS 24х1,5 Ш S=32",1,2,5,2,24,10,32,1
465,1BD-12-30,"Адаптер BSP 3/4"" Ш - DKOS 30х2 Ш S=32",1,2,5,2,24,14,32,1
466,1BD-12-30 A,"Адаптер BSP 3/4"" Ш - DKOS 30х2 Ш S=32",1,2,5,2,24,14,32,1
467,1BD-12-33,"Адаптер BSP 3/4"" Ш - DKOS 33х2 Ш S=36",1,2,5,2,24,16,36,1
468,1BD-12-33 A,"Адаптер BSP 3/4"" Ш - DKOS 33х2 Ш S=36",1,2,5,2,24,16,36,1
469,1BD-12-36,"Адаптер BSP 3/4"" Ш - DKOS 36х2 Ш S=39",1,2,5,2,24,82,39,1
470,1BD-12-36 A,"Адаптер BSP 3/4"" Ш - DKOS 36х2 Ш S=41",1,2,5,2,24,82,41,1
471,1BD-12-42,"Адаптер BSP 3/4"" Ш - DKOS 42х2 Ш S=46",1,2,5,2,24,81,46,1
472,1BD-12-42 A,"Адаптер BSP 3/4"" Ш - DKOS 42х2 Ш S=46",1,2,5,2,24,81,46,1
473,1BD-06-18,"Адаптер BSP 3/8"" Ш - DKOS 18х1,5 Ш S=22",1,2,5,2,25,7,22,1
474,1BD-06-18 A,"Адаптер BSP 3/8"" Ш - DKOS 18х1,5 Ш S=22",1,2,5,2,25,7,22,1
475,1BD-06-20 A,"Адаптер BSP 3/8"" Ш - DKOS 20х1,5 Ш S=22",1,2,5,2,25,8,22,1
476,1BD-06-20,"Адаптер BSP 3/8"" Ш - DKOS 20х1,5 Ш S=22",1,2,5,2,25,8,22,1
477,1BD-06-24,"Адаптер BSP 3/8"" Ш - DKOS 24х1,5 Ш S=27",1,2,5,2,25,10,27,1
478,1BD-06-24 A,"Адаптер BSP 3/8"" Ш - DKOS 24х1,5 Ш S=27",1,2,5,2,25,10,27,1
479,1BD-06-30,"Адаптер BSP 3/8"" Ш - DKOS 30х2 Ш S=32",1,2,5,2,25,14,32,1
480,1BD-06-30 A,"Адаптер BSP 3/8"" Ш - DKOS 30х2 Ш S=32",1,2,5,2,25,14,32,1
481,1BD-06-36,"Адаптер BSP 3/8"" Ш - DKOS 36х2 Ш S=39",1,2,5,2,25,82,39,1
482,1BD-06-36 A,"Адаптер BSP 3/8"" Ш - DKOS 36х2 Ш S=39",1,2,5,2,25,82,39,1
588,2BJ-12,"Адаптер BSP 3/4"" (Ш) - JIC 1.1/16"" (Г) S=32",1,2,8,1,24,41,32,1
589,2BJ-12 A,"Адаптер BSP 3/4"" (Ш) - JIC 1.1/16"" (Г) S=32",1,2,8,1,24,41,32,1
590,1BJ-16-12,"Адаптер BSP 1"" Ш - JIC 1,1/16"" Ш S=41",1,2,8,2,21,41,41,1
591,1BJ-16-12 A,"Адаптер BSP 1"" Ш - JIC 1,1/16"" Ш S=41",1,2,8,2,21,41,41,1
592,1BJ-16,"Адаптер BSP 1"" Ш - JIC 1,5/16"" Ш S=41",1,2,8,2,21,43,41,1
593,1BJ-16 A,"Адаптер BSP 1"" Ш - JIC 1,5/16"" Ш S=41",1,2,8,2,21,43,41,1
594,1BJ-16-20,"Адаптер BSP 1"" Ш - JIC 1,5/8"" Ш S=46",1,2,8,2,21,47,46,1
595,1BJ-16-20 A,"Адаптер BSP 1"" Ш - JIC 1,5/8"" Ш S=46",1,2,8,2,21,47,46,1
596,1BJ-20,"Адаптер BSP 1,1/4"" Ш - JIC 1,5/8"" Ш S=50",1,2,8,2,51,47,50,1
597,1BJ-20 A,"Адаптер BSP 1,1/4"" Ш - JIC 1,5/8"" Ш S=50",1,2,8,2,51,47,50,1
598,1BJ-08-12,"Адаптер BSP 1/2"" Ш - JIC 1,1/16"" Ш S=27",1,2,8,2,22,41,27,1
599,1BJ-08-12 A,"Адаптер BSP 1/2"" Ш - JIC 1,1/16"" Ш S=27",1,2,8,2,22,41,27,1
600,1BJ-08-05,"Адаптер BSP 1/2"" Ш - JIC 1/2"" Ш S=27",1,2,8,2,22,22,27,1
601,1BJ-08,"Адаптер BSP 1/2"" Ш - JIC 3/4"" Ш S=27",1,2,8,2,22,24,27,1
602,1BJ-08 A,"Адаптер BSP 1/2"" Ш - JIC 3/4"" Ш S=27",1,2,8,2,22,24,27,1
603,1BJ-08-10,"Адаптер BSP 1/2"" Ш - JIC 7/8"" Ш S=27",1,2,8,2,22,35,27,1
604,1BJ-08-10 A,"Адаптер BSP 1/2"" Ш - JIC 7/8"" Ш S=27",1,2,8,2,22,35,27,1
605,1BJ-08-06,"Адаптер BSP 1/2"" Ш - JIC 9/16"" Ш S=27",1,2,8,2,22,36,27,1
606,1BJ-08-06 A,"Адаптер BSP 1/2"" Ш - JIC 9/16"" Ш S=27",1,2,8,2,22,36,27,1
607,1BJ-04-05,"Адаптер BSP 1/4"" Ш - JIC 1/2"" Ш S=19",1,2,8,2,23,22,19,1
608,1BJ-04-05 A,"Адаптер BSP 1/4"" Ш - JIC 1/2"" Ш S=19",1,2,8,2,23,22,19,1
609,1BJ-04,"Адаптер BSP 1/4"" Ш - JIC 7/16"" Ш S=19",1,2,8,2,23,29,19,1
610,1BJ-04 A,"Адаптер BSP 1/4"" Ш - JIC 7/16"" Ш S=19",1,2,8,2,23,29,19,1
611,1BJ-04-06,"Адаптер BSP 1/4"" Ш - JIC 9/16"" Ш S=19",1,2,8,2,23,36,19,1
612,1BJ-04-06 A,"Адаптер BSP 1/4"" Ш - JIC 9/16"" Ш S=19",1,2,8,2,23,36,19,1
613,1BJ-02-04,"Адаптер BSP 1/8"" Ш - JIC 7/16"" Ш S=14",1,2,8,2,28,29,14,1
614,1BJ-02-04 A,"Адаптер BSP 1/8"" Ш - JIC 7/16"" Ш S=14",1,2,8,2,28,29,14,1
615,1BJ-02-06,"Адаптер BSP 1/8"" Ш - JIC 9/16"" Ш S=17",1,2,8,2,28,36,17,1
616,1BJ-02-06 A,"Адаптер BSP 1/8"" Ш - JIC 9/16"" Ш S=17",1,2,8,2,28,36,17,1
617,1BJ-12,"Адаптер BSP 3/4"" Ш - JIC 1,1/16"" Ш S=32",1,2,8,2,24,41,32,1
618,1BJ-12 A,"Адаптер BSP 3/4"" Ш - JIC 1,1/16"" Ш S=32",1,2,8,2,24,41,32,1
619,1BJ-12-16,"Адаптер BSP 3/4"" Ш - JIC 1,5/16"" Ш S=36",1,2,8,2,24,43,36,1
620,1BJ-12-16 A,"Адаптер BSP 3/4"" Ш - JIC 1,5/16"" Ш S=36",1,2,8,2,24,43,36,1
621,1BJ-12-08,"Адаптер BSP 3/4"" Ш - JIC 3/4"" Ш S=32",1,2,8,2,24,24,32,1
622,1BJ-12-08 A,"Адаптер BSP 3/4"" Ш - JIC 3/4"" Ш S=32",1,2,8,2,24,24,32,1
623,1BJ-12-10,"Адаптер BSP 3/4"" Ш - JIC 7/8"" Ш S=32",1,2,8,2,24,35,32,1
624,1BJ-12-10 A,"Адаптер BSP 3/4"" Ш - JIC 7/8"" Ш S=32",1,2,8,2,24,35,32,1
625,1BJ-06-05,"Адаптер BSP 3/8"" Ш - JIC 1/2"" Ш S=22",1,2,8,2,25,22,22,1
626,1BJ-06-08,"Адаптер BSP 3/8"" Ш - JIC 3/4"" Ш S=22",1,2,8,2,25,24,22,1
627,1BJ-06-08 A,"Адаптер BSP 3/8"" Ш - JIC 3/4"" Ш S=22",1,2,8,2,25,24,22,1
628,1BJ-06-04,"Адаптер BSP 3/8"" Ш - JIC 7/16"" Ш S=22",1,2,8,2,25,29,22,1
629,1BJ-06-04 A,"Адаптер BSP 3/8"" Ш - JIC 7/16"" Ш S=22",1,2,8,2,25,29,22,1
630,1BJ-06-10,"Адаптер BSP 3/8"" Ш - JIC 7/8"" Ш S=24",1,2,8,2,25,35,24,1
631,1BJ-06-10 A,"Адаптер BSP 3/8"" Ш - JIC 7/8"" Ш S=24",1,2,8,2,25,35,24,1
632,1BJ-06,"Адаптер BSP 3/8"" Ш - JIC 9/16"" Ш S=22",1,2,8,2,25,36,22,1
633,1BJ-06 A,"Адаптер BSP 3/8"" Ш - JIC 9/16"" Ш S=22",1,2,8,2,25,36,22,1
634,1BJ-10-12,"Адаптер BSP 5/8"" Ш - JIC 1,1/16"" Ш S=30",1,2,8,2,37,41,30,1
635,1BJ-10-12 A,"Адаптер BSP 5/8"" Ш - JIC 1,1/16"" Ш S=30",1,2,8,2,37,41,30,1
723,1BK-08-16D A,"Адаптер BSP 1/2"" Ш - JIS 16x1,5 Ш S=27",1,2,7,2,22,6,27,1
724,1BK-08-16D,"Адаптер BSP 1/2"" Ш - JIS 16x1,5 Ш S=27",1,2,7,2,22,6,27,1
725,1BS-12 A,"Адаптер BSP 3/4"" Ш - JIS 3/4"" Ш S=32",1,2,7,2,24,24,32,1
726,1BS-12,"Адаптер BSP 3/4"" Ш - JIS 3/4"" Ш S=32",1,2,7,2,24,24,32,1
727,1BN-16,"Адаптер BSP 1"" Ш - NPTF 1"" Ш S=41",1,2,10,2,21,21,41,1
728,1BN-16 A,"Адаптер BSP 1"" Ш - NPTF 1"" Ш S=41",1,2,10,2,21,21,41,1
729,1BN-16-12,"Адаптер BSP 1"" Ш - NPTF 3/4"" Ш S=41",1,2,10,2,21,24,41,1
730,1BN-16-12 A,"Адаптер BSP 1"" Ш - NPTF 3/4"" Ш S=41",1,2,10,2,21,24,41,1
731,1BN-20,"Адаптер BSP 1,1/4"" Ш - NPTF 1,1/4"" Ш S=50",1,2,10,2,51,51,50,1
732,1BN-20 A,"Адаптер BSP 1,1/4"" Ш - NPTF 1,1/4"" Ш S=50",1,2,10,2,51,51,50,1
733,1BN-08,"Адаптер BSP 1/2"" Ш - NPTF 1/2"" Ш S=27",1,2,10,2,22,22,27,1
734,1BN-08 A,"Адаптер BSP 1/2"" Ш - NPTF 1/2"" Ш S=27",1,2,10,2,22,22,27,1
735,1BN-08-12,"Адаптер BSP 1/2"" Ш - NPTF 3/4"" Ш S=30",1,2,10,2,22,24,30,1
736,1BN-08-12 A,"Адаптер BSP 1/2"" Ш - NPTF 3/4"" Ш S=30",1,2,10,2,22,24,30,1
737,1BN-08-06,"Адаптер BSP 1/2"" Ш - NPTF 3/8"" Ш S=27",1,2,10,2,22,25,27,1
738,1BN-08-06 A,"Адаптер BSP 1/2"" Ш - NPTF 3/8"" Ш S=27",1,2,10,2,22,25,27,1
739,1BN-04,"Адаптер BSP 1/4"" Ш - NPTF 1/4"" Ш S=19",1,2,10,2,23,23,19,1
740,1BN-04 A,"Адаптер BSP 1/4"" Ш - NPTF 1/4"" Ш S=19",1,2,10,2,23,23,19,1
741,1BN-04-02,"Адаптер BSP 1/4"" Ш - NPTF 1/8"" Ш S=19",1,2,10,2,23,28,19,1
742,1BN-04-02 A,"Адаптер BSP 1/4"" Ш - NPTF 1/8"" Ш S=19",1,2,10,2,23,28,19,1
743,1BN-04-06,"Адаптер BSP 1/4"" Ш - NPTF 3/8"" Ш S=19",1,2,10,2,23,25,19,1
744,1BN-04-06 A,"Адаптер BSP 1/4"" Ш - NPTF 3/8"" Ш S=19",1,2,10,2,23,25,19,1
745,1BN-02,"Адаптер BSP 1/8"" Ш - NPTF 1/8"" Ш S=14",1,2,10,2,28,28,14,1
746,1BN-02 A,"Адаптер BSP 1/8"" Ш - NPTF 1/8"" Ш S=14",1,2,10,2,28,28,14,1
747,1BN-12-16,"Адаптер BSP 3/4"" Ш - NPTF 1"" Ш S=36",1,2,10,2,24,21,36,1
748,1BN-12-16 A,"Адаптер BSP 3/4"" Ш - NPTF 1"" Ш S=36",1,2,10,2,24,21,36,1
749,1BN-12-08,"Адаптер BSP 3/4"" Ш - NPTF 1/2"" Ш S=32",1,2,10,2,24,22,32,1
750,1BN-12-08 A,"Адаптер BSP 3/4"" Ш - NPTF 1/2"" Ш S=32",1,2,10,2,24,22,32,1
751,1BN-12,"Адаптер BSP 3/4"" Ш - NPTF 3/4"" Ш S=32",1,2,10,2,24,24,32,1
752,1BN-12 A,"Адаптер BSP 3/4"" Ш - NPTF 3/4"" Ш S=32",1,2,10,2,24,24,32,1
753,1BN-06-08,"Адаптер BSP 3/8"" Ш - NPTF 1/2"" Ш S=22",1,2,10,2,25,22,22,1
754,1BN-06-08 A,"Адаптер BSP 3/8"" Ш - NPTF 1/2"" Ш S=22",1,2,10,2,25,22,22,1
755,1BN-06-04,"Адаптер BSP 3/8"" Ш - NPTF 1/4"" Ш S=22",1,2,10,2,25,23,22,1
756,1BN-06-04 A,"Адаптер BSP 3/8"" Ш - NPTF 1/4"" Ш S=22",1,2,10,2,25,23,22,1
757,1BN-06,"Адаптер BSP 3/8"" Ш - NPTF 3/8"" Ш S=22",1,2,10,2,25,25,22,1
758,1BN-06 A,"Адаптер BSP 3/8"" Ш - NPTF 3/8"" Ш S=22",1,2,10,2,25,25,22,1
759,2BF-08,"Адаптер BSP 1/2"" Ш - ORFS 13/16"" Г S=27",1,2,9,1,22,32,27,1
760,2BF-08 A,"Адаптер BSP 1/2"" Ш - ORFS 13/16"" Г S=27",1,2,9,1,22,32,27,1
761,2BF-12,"Адаптер BSP 3/4"" Ш - ORFS 1,3/16"" Г S=32",1,2,9,1,24,79,32,1
762,2BF-12 A,"Адаптер BSP 3/4"" Ш - ORFS 1,3/16"" Г S=32",1,2,9,1,24,79,32,1
763,1BF-16-12,"Адаптер BSP 1"" Ш - ORFS 1,3/16"" Ш S=41",1,2,9,2,21,79,41,1
764,1BF-16-12 A,"Адаптер BSP 1"" Ш - ORFS 1,3/16"" Ш S=41",1,2,9,2,21,79,41,1
765,1BF-16,"Адаптер BSP 1"" Ш - ORFS 1,7/16"" Ш S=41",1,2,9,2,21,77,41,1
766,1BF-16 A,"Адаптер BSP 1"" Ш - ORFS 1,7/16"" Ш S=41",1,2,9,2,21,77,41,1
767,1BF-20,"Адаптер BSP 1,1/4"" Ш - ORFS 1,11/16"" Ш S=50",1,2,9,2,51,45,50,1
768,1BF-20 A,"Адаптер BSP 1,1/4"" Ш - ORFS 1,11/16"" Ш S=50",1,2,9,2,51,45,50,1
769,1BF-08-10,"Адаптер BSP 1/2"" Ш - ORFS 1"" Ш S=27",1,2,9,2,22,21,27,1
770,1BF-08-10 A,"Адаптер BSP 1/2"" Ш - ORFS 1"" Ш S=27",1,2,9,2,22,21,27,1
771,1BF-08,"Адаптер BSP 1/2"" Ш - ORFS 13/16"" Ш S=27",1,2,9,2,22,32,27,1
772,1BF-08 A,"Адаптер BSP 1/2"" Ш - ORFS 13/16"" Ш S=27",1,2,9,2,22,32,27,1
773,1BF-04-06,"Адаптер BSP 1/4"" Ш - ORFS 11/16"" Ш S=19",1,2,9,2,23,31,19,1
774,1BF-04-06 A,"Адаптер BSP 1/4"" Ш - ORFS 11/16"" Ш S=19",1,2,9,2,23,31,19,1
775,1BF-04,"Адаптер BSP 1/4"" Ш - ORFS 9/16"" Ш S=19",1,2,9,2,23,36,19,1
776,1BF-04 A,"Адаптер BSP 1/4"" Ш - ORFS 9/16"" Ш S=19",1,2,9,2,23,36,19,1
777,1BF-12-10,"Адаптер BSP 3/4"" Ш - ORFS 1"" Ш S=32",1,2,9,2,24,21,32,1
778,1BF-12-10 A,"Адаптер BSP 3/4"" Ш - ORFS 1"" Ш S=32",1,2,9,2,24,21,32,1
779,1BF-12,"Адаптер BSP 3/4"" Ш - ORFS 1,3/16"" Ш S=32",1,2,9,2,24,79,32,1
780,1BF-12 A,"Адаптер BSP 3/4"" Ш - ORFS 1,3/16"" Ш S=32",1,2,9,2,24,79,32,1
781,1BF-12-16,"Адаптер BSP 3/4"" Ш - ORFS 1,7/16"" Ш S=39",1,2,9,2,24,79,39,1
782,1BF-12-16 A,"Адаптер BSP 3/4"" Ш - ORFS 1,7/16"" Ш S=41",1,2,9,2,24,79,41,1
783,1BF-12-08,"Адаптер BSP 3/4"" Ш - ORFS 13/16"" Ш S=32",1,2,9,2,24,32,32,1
784,1BF-12-08 A,"Адаптер BSP 3/4"" Ш - ORFS 13/16"" Ш S=32",1,2,9,2,24,32,32,1
785,1BF-06,"Адаптер BSP 3/8"" Ш - ORFS 11/16"" Ш S=22",1,2,9,2,25,31,22,1
786,1BF-06 A,"Адаптер BSP 3/8"" Ш - ORFS 11/16"" Ш S=22",1,2,9,2,25,31,22,1
787,1BF-06-08,"Адаптер BSP 3/8"" Ш - ORFS 13/16"" Ш S=22",1,2,9,2,25,32,22,1
788,1BF-06-08 A,"Адаптер BSP 3/8"" Ш - ORFS 13/16"" Ш S=22",1,2,9,2,25,32,22,1
789,1BF-06-04,"Адаптер BSP 3/8"" Ш - ORFS 9/16"" Ш S=22",1,2,9,2,25,36,22,1
790,1BF-06-04 A,"Адаптер BSP 3/8"" Ш - ORFS 9/16"" Ш S=22",1,2,9,2,25,36,22,1
791,1T-04SP,"Адаптер BSPT Ш-к/Ш-к 1/4""-1/4""",2,3,2,3,23,23,,1
792,1T-04SP A,"Адаптер BSPT Ш-к/Ш-к 1/4""-1/4""",2,3,2,3,23,23,,1
793,1T-12-16SP A,"Адаптер BSPT Ш-к/Ш-к 3/4""-1""",2,3,2,3,24,24,,1
794,1T-06SP,"Адаптер BSPT Ш-к/Ш-к 3/8""-3/8""",2,3,2,3,25,25,,1
795,1T-06SP A,"Адаптер BSPT Ш-к/Ш-к 3/8""-3/8""",2,3,2,3,25,25,,1
796,1TC-08SP-22,"Адаптер BSPT 1/2"" Ш-к - DKOL 22х1,5 Ш",2,3,4,2,22,9,,1
797,1TC-08SP-22 A,"Адаптер BSPT 1/2"" Ш-к - DKOL 22х1,5 Ш S=24",2,3,4,2,22,9,24,1
798,1TC-04SP-12D/1.25,"Адаптер BSPT 1/4"" Ш-к - DKOL 12x1.25 Ш",2,3,4,2,23,120,,1
799,1TC-04SP-12D/1.25 A,"Адаптер BSPT 1/4"" Ш-к - DKOL 12x1.25 Ш S=14",2,3,4,2,23,102,14,1
800,1TC-04SP-14D,"Адаптер BSPT 1/4"" Ш-к - DKOL 14x1.5 Ш",2,3,4,2,23,86,,1
801,1TC-04SP-14D A,"Адаптер BSPT 1/4"" Ш-к - DKOL 14x1.5 Ш S=14",2,3,4,2,23,86,14,1
802,1TC-04SP-14D EU,"Адаптер BSPT 1/4"" Ш-к - DKOL 14x1.5 Ш S=14 Италия",2,3,4,2,23,86,14,1
803,1TC-04SP-14D S17 EU,"Адаптер BSPT 1/4"" Ш-к - DKOL 14x1.5 Ш S=17 Италия",2,3,4,2,23,86,17,1
804,1TC-04SP-16D,"Адаптер BSPT 1/4"" Ш-к - DKOL 16x1.5 Ш",2,3,4,2,23,110,,1
805,1TC-04SP-16D A,"Адаптер BSPT 1/4"" Ш-к - DKOL 16x1.5 Ш S=19",2,3,4,2,23,110,19,1
806,1CT-02SP-12D,"Адаптер BSPT 1/8"" Ш-к - DKOL 12x1.5 Ш",2,3,4,2,28,93,,1
807,1CT-02SP-12D A,"Адаптер BSPT 1/8"" Ш-к - DKOL 12x1.5 Ш S=12",2,3,4,2,28,93,12,1
808,1TD-04SP-18,"Адаптер BSPT 1/4"" Ш-к - DKOS 18х1,5 Ш",2,3,5,2,23,7,,1
809,1TD-04SP-18 A,"Адаптер BSPT 1/4"" Ш-к - DKOS 18х1,5 Ш S=19",2,3,5,2,23,7,19,1
810,1TM-04SP-18,"Адаптер BSPT 1/4"" Ш-к - DKM 18х1,5 Ш S=24",2,3,11,2,23,7,24,1
811,1TM-04SP-18 A,"Адаптер BSPT 1/4"" Ш-к - DKM 18х1,5 Ш S=24",2,3,11,2,23,7,24,1
812,1TM-06SP-20,"Адаптер BSPT 3/8"" Ш-к - DKM 20х1,5 Ш S=27",2,3,11,2,25,8,27,1
813,1TM-06SP-20 A,"Адаптер BSPT 3/8"" Ш-к - DKM 20х1,5 Ш S=27",2,3,11,2,25,8,27,1
814,1TM-06SP-22,"Адаптер BSPT 3/8"" Ш-к - DKM 22х1,5 Ш S=27",2,3,11,2,25,9,27,1
815,1TM-06SP-22 A,"Адаптер BSPT 3/8"" Ш-к - DKM 22х1,5 Ш S=27",2,3,11,2,25,9,27,1
816,1Q-12D/1.25,"Адаптер DKI Ш/Ш 12x1,25 - 12x1,25 S=17",6,2,6,2,102,102,17,1
817,1Q-12D/1.25 A,"Адаптер DKI Ш/Ш 12x1,25 - 12x1,25 S=17",6,2,6,2,102,102,17,1
818,1Q-14,Адаптер DKI Ш/Ш 14x1 - 14x1 S=19,6,2,6,2,14,99,19,1
819,1Q-14 A,Адаптер DKI Ш/Ш 14x1 - 14x1 S=19,6,2,6,2,14,99,19,1
820,1Q-14D,"Адаптер DKI Ш/Ш 14x1,5 - 14x1,5 S=19",6,2,6,2,86,4,19,1
821,1Q-14D A,"Адаптер DKI Ш/Ш 14x1,5 - 14x1,5 S=19",6,2,6,2,86,4,19,1
822,1Q-24,"Адаптер DKI Ш/Ш 24x1,5 - 24x1,5 S=30",6,2,6,2,112,10,30,1
823,1Q-24 A,"Адаптер DKI Ш/Ш 24x1,5 - 24x1,5 S=30",6,2,6,2,112,10,30,1
824,3M-20,"Адаптер DKM Г/Г 20х1,5 - 20х1,5",11,1,11,1,8,8,,1
825,3M-20 A,"Адаптер DKM Г/Г 20х1,5 - 20х1,5 S=27",11,1,11,1,8,8,27,1
826,3M-27D,"Адаптер DKM Г/Г 27х1,5 - 27х1,5",11,1,11,1,12,12,,1
827,3M-27D A,"Адаптер DKM Г/Г 27х1,5 - 27х1,5 S=32",11,1,11,1,12,12,32,1
828,2M-16D,"Адаптер DKM Ш/Г 16х1,5 - 16х1,5 S=22",11,2,11,1,6,6,22,1
829,2M-16D A,"Адаптер DKM Ш/Г 16х1,5 - 16х1,5 S=22",11,2,11,1,6,6,22,1
830,2M-18,"Адаптер DKM Ш/Г 18х1,5 - 18х1,5 S=24",11,2,11,1,7,7,24,1
831,2M-18 A,"Адаптер DKM Ш/Г 18х1,5 - 18х1,5 S=24",11,2,11,1,7,7,24,1
832,2M-20-18 A,"Адаптер DKM Ш/Г 20х1,5 - 18х1,5 S=27",11,2,11,1,8,7,27,1
833,2M-20-18,"Адаптер DKM Ш/Г 20х1,5 - 18х1,5 S=27",11,2,11,1,8,7,27,1
834,2M-20,"Адаптер DKM Ш/Г 20х1,5 - 20х1,5 S=27",11,2,11,1,8,8,27,1
835,2M-20 A,"Адаптер DKM Ш/Г 20х1,5 - 20х1,5 S=27",11,2,11,1,8,8,27,1
836,2M-22,"Адаптер DKM Ш/Г 22х1,5 - 22х1,5 S=27",11,2,11,1,9,9,27,1
837,2M-22 A,"Адаптер DKM Ш/Г 22х1,5 - 22х1,5 S=27",11,2,11,1,9,9,27,1
838,2M-27D,"Адаптер DKM Ш/Г 27х1,5 - 27х1,5 S=32",11,2,11,1,12,12,32,1
839,2M-27D A,"Адаптер DKM Ш/Г 27х1,5 - 27х1,5 S=32",11,2,11,1,12,12,32,1
840,2M-30D,"Адаптер DKM Ш/Г 30х1,5 - 30х1,5 S=36",11,2,11,1,13,13,36,1
841,2M-30D A,"Адаптер DKM Ш/Г 30х1,5 - 30х1,5 S=36",11,2,11,1,13,13,36,1
842,2M-33,Адаптер DKM Ш/Г 33х2 - 33х2 S=39,11,2,11,1,16,16,39,1
843,2M-33 A,Адаптер DKM Ш/Г 33х2 - 33х2 S=41,11,2,11,1,16,16,41,1
844,2M-42,Адаптер DKM Ш/Г 42х2 - 42х2 S=50,11,2,11,1,81,81,50,1
845,2M-42 A,Адаптер DKM Ш/Г 42х2 - 42х2 S=50,11,2,11,1,81,81,50,1
846,1M-10,Адаптер DKM Ш/Ш 10х1 - 10х1 S=14,11,2,11,2,1,1,14,1
847,1M-10 A,Адаптер DKM Ш/Ш 10х1 - 10х1 S=14,11,2,11,2,1,1,14,1
848,1M-10-12D,Адаптер DKM Ш/Ш 10х1 - 12х1.5 S=17,11,2,11,2,1,3,17,1
849,1M-10-12D A,"Адаптер DKM Ш/Ш 10х1 - 12х1,5 S=17",11,2,11,2,1,3,17,1
850,1M-10D-12D,"Адаптер DKM Ш/Ш 10х1,5 - 12х1,5 S=17",11,2,11,2,2,73,17,1
851,1M-10D-12D A,"Адаптер DKM Ш/Ш 10х1,5 - 12х1,5 S=17",11,2,11,2,2,73,17,1
852,1M-10D-14D,"Адаптер DKM Ш/Ш 10х1,5 - 14х1,5 S=19",11,2,11,2,2,99,19,1
853,1M-10D-14D A,"Адаптер DKM Ш/Ш 10х1,5 - 14х1,5 S=19",11,2,11,2,2,99,19,1
854,1M-12,Адаптер DKM Ш/Ш 12х1 - 12х1 S=17,11,2,11,2,73,73,17,1
855,1M-12 A,Адаптер DKM Ш/Ш 12х1 - 12х1 S=17,11,2,11,2,73,73,17,1
856,1M-12D/1.25,"Адаптер DKM Ш/Ш 12х1,25 - 12х1,25 S=17",11,2,11,2,102,102,17,1
857,1M-12D/1.25 A,"Адаптер DKM Ш/Ш 12х1,25 - 12х1,25 S=17",11,2,11,2,102,102,17,1
858,1M-12D,"Адаптер DKM Ш/Ш 12х1,5 - 12х1,5 S=17",11,2,11,2,3,73,17,1
859,1M-12D A,"Адаптер DKM Ш/Ш 12х1,5 - 12х1,5 S=17",11,2,11,2,3,73,17,1
860,1M-12D-14D,"Адаптер DKM Ш/Ш 12х1,5 - 14х1,5 S=19",11,2,11,2,3,99,19,1
861,1M-12D-14D A,"Адаптер DKM Ш/Ш 12х1,5 - 14х1,5 S=19",11,2,11,2,3,99,19,1
862,1M-12D-16D,"Адаптер DKM Ш/Ш 12х1,5 - 16х1,5 S=22",11,2,11,2,3,5,22,1
863,1M-12D-16D A,"Адаптер DKM Ш/Ш 12х1,5 - 16х1,5 S=22",11,2,11,2,3,5,22,1
864,1M-14D,"Адаптер DKM Ш/Ш 14х1,5 - 14х1,5 S=19",11,2,11,2,4,99,19,1
865,1M-14D A,"Адаптер DKM Ш/Ш 14х1,5 - 14х1,5 S=19",11,2,11,2,4,99,19,1
866,1M-14D-16D,"Адаптер DKM Ш/Ш 14х1,5 - 16х1,5 S=22",11,2,11,2,4,5,22,1
867,1M-14D-16D A,"Адаптер DKM Ш/Ш 14х1,5 - 16х1,5 S=22",11,2,11,2,4,5,22,1
868,1M-14D-18,"Адаптер DKM Ш/Ш 14х1,5 - 18х1,5 S=24",11,2,11,2,4,126,24,1
869,1M-14D-18 A,"Адаптер DKM Ш/Ш 14х1,5 - 18х1,5 S=24",11,2,11,2,4,126,24,1
870,1M-14D-20 s24,"Адаптер DKM Ш/Ш 14х1,5 - 20х1,5 S=24",11,2,11,2,4,129,24,1
871,1M-14D-20 A,"Адаптер DKM Ш/Ш 14х1,5 - 20х1,5 S=27",11,2,11,2,4,129,27,1
872,1M-14D-20,"Адаптер DKM Ш/Ш 14х1,5 - 20х1,5 S=27",11,2,11,2,4,129,27,1
873,1M-16D,"Адаптер DKM Ш/Ш 16х1,5 - 16х1,5 S=22",11,2,11,2,6,5,22,1
874,1M-16D A,"Адаптер DKM Ш/Ш 16х1,5 - 16х1,5 S=22",11,2,11,2,6,5,22,1
875,1M-16D-18,"Адаптер DKM Ш/Ш 16х1,5 - 18х1,5 S=24",11,2,11,2,6,126,24,1
876,1M-16D-18 A,"Адаптер DKM Ш/Ш 16х1,5 - 18х1,5 S=24",11,2,11,2,6,126,24,1
877,1M-16D-20,"Адаптер DKM Ш/Ш 16х1,5 - 20х1,5 S=27",11,2,11,2,6,129,27,1
878,1M-16D-20 A,"Адаптер DKM Ш/Ш 16х1,5 - 20х1,5 S=27",11,2,11,2,6,129,27,1
879,1M-16D-22,"Адаптер DKM Ш/Ш 16х1,5 - 22х1,5 S=27",11,2,11,2,6,9,27,1
880,1M-16D-22 A,"Адаптер DKM Ш/Ш 16х1,5 - 22х1,5 S=27",11,2,11,2,6,9,27,1
881,1M-16D-24,"Адаптер DKM Ш/Ш 16х1,5 - 24х1,5 S=30",11,2,11,2,6,124,30,1
882,1M-16D-24 A,"Адаптер DKM Ш/Ш 16х1,5 - 24х1,5 S=30",11,2,11,2,6,124,30,1
883,1M-16D-27D,"Адаптер DKM Ш/Ш 16х1,5 - 27х1,5 S=32",11,2,11,2,6,123,32,1
884,1M-16D-27D A,"Адаптер DKM Ш/Ш 16х1,5 - 27х1,5 S=32",11,2,11,2,6,123,32,1
885,1M-18,"Адаптер DKM Ш/Ш 18х1,5 - 18х1,5 S=24",11,2,11,2,7,126,24,1
886,1M-18 A,"Адаптер DKM Ш/Ш 18х1,5 - 18х1,5 S=24",11,2,11,2,7,126,24,1
887,1M-18-20,"Адаптер DKM Ш/Ш 18х1,5 - 20х1,5 S=27",11,2,11,2,7,129,27,1
888,1M-18-20 A,"Адаптер DKM Ш/Ш 18х1,5 - 20х1,5 S=27",11,2,11,2,7,129,27,1
889,1M-18-22,"Адаптер DKM Ш/Ш 18х1,5 - 22х1,5 S=27",11,2,11,2,7,9,27,1
890,1M-18-22 A,"Адаптер DKM Ш/Ш 18х1,5 - 22х1,5 S=27",11,2,11,2,7,9,27,1
891,1M-18-24,"Адаптер DKM Ш/Ш 18х1,5 - 24х1,5 S=30",11,2,11,2,7,124,30,1
892,1M-18-24 A,"Адаптер DKM Ш/Ш 18х1,5 - 24х1,5 S=30",11,2,11,2,7,124,30,1
893,1M-18-26D,"Адаптер DKM Ш/Ш 18х1,5 - 26х1,5 S=32",11,2,11,2,7,122,32,1
894,1M-18-26D A,"Адаптер DKM Ш/Ш 18х1,5 - 26х1,5 S=32",11,2,11,2,7,122,32,1
895,1M-20,"Адаптер DKM Ш/Ш 20х1,5 - 20х1,5 S=27",11,2,11,2,8,129,27,1
896,1M-20 A,"Адаптер DKM Ш/Ш 20х1,5 - 20х1,5 S=27",11,2,11,2,8,129,27,1
897,1M-20-22,"Адаптер DKM Ш/Ш 20х1,5 - 22х1,5 S=27",11,2,11,2,8,9,27,1
898,1M-20-22 A,"Адаптер DKM Ш/Ш 20х1,5 - 22х1,5 S=27",11,2,11,2,8,9,27,1
899,1M-20-24,"Адаптер DKM Ш/Ш 20х1,5 - 24х1,5 S=30",11,2,11,2,8,124,30,1
900,1M-20-24 A,"Адаптер DKM Ш/Ш 20х1,5 - 24х1,5 S=30",11,2,11,2,8,124,30,1
901,1M-20-27D,"Адаптер DKM Ш/Ш 20х1,5 - 27х1,5 S=32",11,2,11,2,8,123,32,1
902,1M-20-27D A,"Адаптер DKM Ш/Ш 20х1,5 - 27х1,5 S=32",11,2,11,2,8,123,32,1
903,1M-20-30D,"Адаптер DKM Ш/Ш 20х1,5 - 30х1,5 S=36",11,2,11,2,8,13,36,1
904,1M-20-30D A,"Адаптер DKM Ш/Ш 20х1,5 - 30х1,5 S=36",11,2,11,2,8,13,36,1
905,1M-20-30,"Адаптер DKM Ш/Ш 20х1,5 - 30х2 S=36",11,2,11,2,8,14,36,1
906,1M-20-30 A,"Адаптер DKM Ш/Ш 20х1,5 - 30х2 S=36",11,2,11,2,8,14,36,1
907,1M-22,"Адаптер DKM Ш/Ш 22х1,5 - 22х1,5 S=27",11,2,11,2,9,9,27,1
908,1M-22 A,"Адаптер DKM Ш/Ш 22х1,5 - 22х1,5 S=27",11,2,11,2,9,9,27,1
909,1M-22-24 S27,"Адаптер DKM Ш/Ш 22х1,5 - 24х1,5 S=27",11,2,11,2,9,124,27,1
910,1M-22-24,"Адаптер DKM Ш/Ш 22х1,5 - 24х1,5 S=30",11,2,11,2,9,124,30,1
911,1M-22-24 A,"Адаптер DKM Ш/Ш 22х1,5 - 24х1,5 S=30",11,2,11,2,9,124,30,1
912,1M-22-26D,"Адаптер DKM Ш/Ш 22х1,5 - 26х1,5 S=32",11,2,11,2,9,122,32,1
913,1M-22-26D A,"Адаптер DKM Ш/Ш 22х1,5 - 26х1,5 S=32",11,2,11,2,9,122,32,1
914,1M-22-27D,"Адаптер DKM Ш/Ш 22х1,5 - 27х1,5 S=32",11,2,11,2,9,123,32,1
915,1M-22-27D A,"Адаптер DKM Ш/Ш 22х1,5 - 27х1,5 S=32",11,2,11,2,9,123,32,1
916,1M-22-27,"Адаптер DKM Ш/Ш 22х1,5 - 27х2 S=32",11,2,11,2,9,119,32,1
917,1M-22-27 A,"Адаптер DKM Ш/Ш 22х1,5 - 27х2 S=32",11,2,11,2,9,119,32,1
918,1M-22-30D,"Адаптер DKM Ш/Ш 22х1,5 - 30х1,5 S=36",11,2,11,2,9,13,36,1
919,1M-22-30D A,"Адаптер DKM Ш/Ш 22х1,5 - 30х1,5 S=36",11,2,11,2,9,13,36,1
920,1M-22-30,"Адаптер DKM Ш/Ш 22х1,5 - 30х2 S=36",11,2,11,2,9,14,36,1
921,1M-22-30 A,"Адаптер DKM Ш/Ш 22х1,5 - 30х2 S=36",11,2,11,2,9,14,36,1
922,1M-22-33D,"Адаптер DKM Ш/Ш 22х1,5 - 33х1,5 S=39",11,2,11,2,9,121,39,1
923,1M-22-33D A,"Адаптер DKM Ш/Ш 22х1,5 - 33х1,5 S=39",11,2,11,2,9,121,39,1
924,1M-22-33,"Адаптер DKM Ш/Ш 22х1,5 - 33х2 S=39",11,2,11,2,9,16,39,1
925,1M-22-33 A,"Адаптер DKM Ш/Ш 22х1,5 - 33х2 S=39",11,2,11,2,9,16,39,1
926,1M-22-42,"Адаптер DKM Ш/Ш 22х1,5 - 42х2 S=50",11,2,11,2,9,81,50,1
927,1M-22-42 A,"Адаптер DKM Ш/Ш 22х1,5 - 42х2 S=50",11,2,11,2,9,81,50,1
928,1M-24,"Адаптер DKM Ш/Ш 24х1,5 - 24х1,5 S=30",11,2,11,2,10,124,30,1
929,1M-24 A,"Адаптер DKM Ш/Ш 24х1,5 - 24х1,5 S=30",11,2,11,2,10,124,30,1
930,1M-24-26D,"Адаптер DKM Ш/Ш 24х1,5 - 26х1,5 S=32",11,2,11,2,10,122,32,1
931,1M-24-26D A,"Адаптер DKM Ш/Ш 24х1,5 - 26х1,5 S=32",11,2,11,2,10,122,32,1
932,1M-24-27D,"Адаптер DKM Ш/Ш 24х1,5 - 27х1,5 S=32",11,2,11,2,10,123,32,1
933,1M-24-27D A,"Адаптер DKM Ш/Ш 24х1,5 - 27х1,5 S=32",11,2,11,2,10,123,32,1
934,1M-24-30D,"Адаптер DKM Ш/Ш 24х1,5 - 30х1,5 S=36",11,2,11,2,10,13,36,1
935,1M-24-30D A,"Адаптер DKM Ш/Ш 24х1,5 - 30х1,5 S=36",11,2,11,2,10,13,36,1
936,1M-24-30,"Адаптер DKM Ш/Ш 24х1,5 - 30х2 S=36",11,2,11,2,10,14,36,1
937,1M-24-30 A,"Адаптер DKM Ш/Ш 24х1,5 - 30х2 S=36",11,2,11,2,10,14,36,1
938,1M-24-33D,"Адаптер DKM Ш/Ш 24х1,5 - 33х1,5 S=39",11,2,11,2,10,121,39,1
939,1M-24-33D A,"Адаптер DKM Ш/Ш 24х1,5 - 33х1,5 S=39",11,2,11,2,10,121,39,1
940,1M-24-33,"Адаптер DKM Ш/Ш 24х1,5 - 33х2 S=39",11,2,11,2,10,16,39,1
941,1M-24-33 A,"Адаптер DKM Ш/Ш 24х1,5 - 33х2 S=39",11,2,11,2,10,16,39,1
942,1M-26D,"Адаптер DKM Ш/Ш 26х1,5 - 26х1,5 S=32",11,2,11,2,11,122,32,1
943,1M-26D A,"Адаптер DKM Ш/Ш 26х1,5 - 26х1,5 S=32",11,2,11,2,11,122,32,1
944,1M-26D-30,"Адаптер DKM Ш/Ш 26х1,5 - 30х2 S=36",11,2,11,2,11,14,36,1
945,1M-26D-30 A,"Адаптер DKM Ш/Ш 26х1,5 - 30х2 S=36",11,2,11,2,11,14,36,1
946,1M-26D-33,"Адаптер DKM Ш/Ш 26х1,5 - 33х2 S=39",11,2,11,2,11,16,39,1
947,1M-26D-33 A,"Адаптер DKM Ш/Ш 26х1,5 - 33х2 S=39",11,2,11,2,11,16,39,1
948,1M-26D-36,"Адаптер DKM Ш/Ш 26х1,5 - 36х2 S=41",11,2,11,2,11,82,41,1
949,1M-26D-36 A,"Адаптер DKM Ш/Ш 26х1,5 - 36х2 S=41",11,2,11,2,11,82,41,1
950,1M-27D,"Адаптер DKM Ш/Ш 27х1,5 - 27х1,5 S=32",11,2,11,2,12,123,32,1
951,1M-27D A,"Адаптер DKM Ш/Ш 27х1,5 - 27х1,5 S=32",11,2,11,2,12,123,32,1
952,1M-27D-30D,"Адаптер DKM Ш/Ш 27х1,5 - 30х1,5 S=36",11,2,11,2,12,13,36,1
953,1M-27D-30D A,"Адаптер DKM Ш/Ш 27х1,5 - 30х1,5 S=36",11,2,11,2,12,13,36,1
954,1M-27D-30,"Адаптер DKM Ш/Ш 27х1,5 - 30х2 S=36",11,2,11,2,12,14,36,1
955,1M-27D-30 A,"Адаптер DKM Ш/Ш 27х1,5 - 30х2 S=36",11,2,11,2,12,14,36,1
956,1M-27D-33D,"Адаптер DKM Ш/Ш 27х1,5 - 33х1,5 S=39",11,2,11,2,12,121,39,1
957,1M-27D-33D A,"Адаптер DKM Ш/Ш 27х1,5 - 33х1,5 S=41",11,2,11,2,12,121,41,1
958,1M-27D-33,"Адаптер DKM Ш/Ш 27х1,5 - 33х2 S=39",11,2,11,2,12,16,39,1
959,1M-27D-33 A,"Адаптер DKM Ш/Ш 27х1,5 - 33х2 S=39",11,2,11,2,12,16,39,1
960,1M-27,Адаптер DKM Ш/Ш 27х2 - 27х2 S=32,11,2,11,2,119,119,32,1
961,1M-27 A,Адаптер DKM Ш/Ш 27х2 - 27х2 S=32,11,2,11,2,119,119,32,1
962,1M-27-30,Адаптер DKM Ш/Ш 27х2 - 30х2 S=36,11,2,11,2,119,14,36,1
963,1M-27-30 A,Адаптер DKM Ш/Ш 27х2 - 30х2 S=36,11,2,11,2,119,14,36,1
964,1M-30D,"Адаптер DKM Ш/Ш 30х1,5 - 30х1,5 S=36",11,2,11,2,13,13,36,1
965,1M-30D A,"Адаптер DKM Ш/Ш 30х1,5 - 30х1,5 S=36",11,2,11,2,13,13,36,1
966,1M-30D-30,"Адаптер DKM Ш/Ш 30х1,5 - 30х2 S=36",11,2,11,2,13,14,36,1
967,1M-30D-30 A,"Адаптер DKM Ш/Ш 30х1,5 - 30х2 S=36",11,2,11,2,13,14,36,1
968,1M-30D-33,"Адаптер DKM Ш/Ш 30х1,5 - 33х2 S=39",11,2,11,2,13,16,39,1
969,1M-30D-33 A,"Адаптер DKM Ш/Ш 30х1,5 - 33х2 S=39",11,2,11,2,13,16,39,1
970,1M-30D-36D,"Адаптер DKM Ш/Ш 30х1,5 - 36х1,5 S=41",11,2,11,2,13,17,41,1
971,1M-30D-36D A,"Адаптер DKM Ш/Ш 30х1,5 - 36х1,5 S=41",11,2,11,2,13,17,41,1
972,1M-30D-36,"Адаптер DKM Ш/Ш 30х1,5 - 36х2 S=41",11,2,11,2,13,82,41,1
973,1M-30D-36 A,"Адаптер DKM Ш/Ш 30х1,5 - 36х2 S=41",11,2,11,2,13,82,41,1
974,1M-30,Адаптер DKM Ш/Ш 30х2 - 30х2 S=36,11,2,11,2,14,14,36,1
975,1M-30 A,Адаптер DKM Ш/Ш 30х2 - 30х2 S=36,11,2,11,2,14,14,36,1
976,1M-30-33D A,"Адаптер DKM Ш/Ш 30х2 - 33х1,5 S=39",11,2,11,2,14,15,39,1
977,1M-30-33D,"Адаптер DKM Ш/Ш 30х2 - 33х1,5 S=39",11,2,11,2,14,15,39,1
978,1M-30-33,Адаптер DKM Ш/Ш 30х2 - 33х2 S=39,11,2,11,2,14,16,39,1
979,1M-30-33 A,Адаптер DKM Ш/Ш 30х2 - 33х2 S=39,11,2,11,2,14,16,39,1
980,1M-30-36,Адаптер DKM Ш/Ш 30х2 - 36х2 S=41,11,2,11,2,14,82,41,1
981,1M-30-36 A,Адаптер DKM Ш/Ш 30х2 - 36х2 S=41,11,2,11,2,14,82,41,1
982,1M-33D,"Адаптер DKM Ш/Ш 33х1,5 - 33х1,5 S=39",11,2,11,2,15,121,39,1
983,1M-33D A,"Адаптер DKM Ш/Ш 33х1,5 - 33х1,5 S=41",11,2,11,2,15,121,41,1
984,1M-33,Адаптер DKM Ш/Ш 33х2 - 33х2 S=39,11,2,11,2,16,16,39,1
985,1M-33 A,Адаптер DKM Ш/Ш 33х2 - 33х2 S=41,11,2,11,2,16,16,41,1
986,1M-33-36D,"Адаптер DKM Ш/Ш 33х2 - 36х1,5 S=41",11,2,11,2,16,17,41,1
987,1M-33-36D A,"Адаптер DKM Ш/Ш 33х2 - 36х1,5 S=41",11,2,11,2,16,17,41,1
988,1M-33-36,Адаптер DKM Ш/Ш 33х2 - 36х2 S=41,11,2,11,2,16,82,41,1
989,1M-33-36 A,Адаптер DKM Ш/Ш 33х2 - 36х2 S=41,11,2,11,2,16,82,41,1
990,1M-33-42,Адаптер DKM Ш/Ш 33х2 - 42х2 S=50,11,2,11,2,16,81,50,1
991,1M-33-42 A,Адаптер DKM Ш/Ш 33х2 - 42х2 S=50,11,2,11,2,16,81,50,1
992,1M-36D,"Адаптер DKM Ш/Ш 36х1,5 - 36х1,5 S=41",11,2,11,2,17,17,41,1
993,1M-36D A,"Адаптер DKM Ш/Ш 36х1,5 - 36х1,5 S=41",11,2,11,2,17,17,41,1
994,1M-36,Адаптер DKM Ш/Ш 36х2 - 36х2 S=41,11,2,11,2,82,82,41,1
995,1M-36 A,Адаптер DKM Ш/Ш 36х2 - 36х2 S=41,11,2,11,2,82,82,41,1
996,1M-36-42,Адаптер DKM Ш/Ш 36х2 - 42х2 S=50,11,2,11,2,82,81,50,1
997,1M-36-42 A,Адаптер DKM Ш/Ш 36х2 - 42х2 S=50,11,2,11,2,82,81,50,1
998,1M-39,Адаптер DKM Ш/Ш 39х2 - 39х2 S=46,11,2,11,2,91,91,46,1
999,1M-39 A,Адаптер DKM Ш/Ш 39х2 - 39х2 S=46,11,2,11,2,91,91,46,1
1000,1M-42,Адаптер DKM Ш/Ш 42х2 - 42х2 S=50,11,2,11,2,81,81,50,1
1001,1M-42 A,Адаптер DKM Ш/Ш 42х2 - 42х2 S=50,11,2,11,2,81,81,50,1
1002,1M-52,Адаптер DKM Ш/Ш 52х2 - 52х2 S=60,11,2,11,2,83,83,60,1
1003,1M-52 A,Адаптер DKM Ш/Ш 52х2 - 52х2 S=60,11,2,11,2,83,83,60,1
1004,2MC-18-16D,Адаптер DKM 18x1.5 Ш - DKOL 16x1.5 Г S=24,11,2,4,1,7,6,24,1
1005,2MC-18-16D A,Адаптер DKM 18x1.5 Ш - DKOL 16x1.5 Г S=24,11,2,4,1,7,6,24,1
1006,2MC-22-16D,Адаптер DKM 22x1.5 Ш - DKOL 16x1.5 Г S=27,11,2,4,1,9,6,27,1
1007,2MC-22-16D A,Адаптер DKM 22x1.5 Ш - DKOL 16x1.5 Г S=27,11,2,4,1,9,6,27,1
1008,2MC-22-26D,Адаптер DKM 22x1.5 Ш - DKOL 26x1.5 Г S=27,11,2,4,1,9,11,27,1
1009,2MC-22-26D A,Адаптер DKM 22x1.5 Ш - DKOL 26x1.5 Г S=27,11,2,4,1,9,11,27,1
1010,1MC-14D-18,Адаптер DKМ 14х1.5 Ш - DKOL 18х1.5 Ш S=19,11,2,4,2,4,7,19,1
1011,1MC-14D-18 A,Адаптер DKМ 14х1.5 Ш - DKOL 18х1.5 Ш S=19,11,2,4,2,4,7,19,1
1012,1MC-18-16D,Адаптер DKМ 18х1.5 Ш - DKOL 16х1.5 Ш S=24,11,2,4,2,7,6,24,1
1013,1MC-18-16D A,Адаптер DKМ 18х1.5 Ш - DKOL 16х1.5 Ш S=24,11,2,4,2,7,6,24,1
1014,1MC-18-18 A ,Адаптер DKМ 18х1.5 Ш - DKOL 18х1.5 Ш S=27,11,2,4,2,7,7,27,1
1015,1MC-20-18 A,Адаптер DKМ 20х1.5 Ш - DKOL 18х1.5 Ш S=27,11,2,4,2,8,7,27,1
1016,1MC-20-18-S30 A,Адаптер DKМ 20х1.5 Ш - DKOL 18х1.5 Ш S=30,11,2,4,2,8,7,30,1
1017,1MC-20-22,Адаптер DKМ 20х1.5 Ш - DKOL 22х1.5 Ш S=27,11,2,4,2,8,9,27,1
1018,1MC-20-22 A,Адаптер DKМ 20х1.5 Ш - DKOL 22х1.5 Ш S=27,11,2,4,2,8,9,27,1
1019,1MC-22-26D,Адаптер DKМ 22x1.5 Ш - DKOL 26х1.5 Ш S=27,11,2,4,2,9,11,27,1
1020,1MC-22-26D A,Адаптер DKМ 22x1.5 Ш - DKOL 26х1.5 Ш S=27,11,2,4,2,9,11,27,1
1021,1MC-22-16D,Адаптер DKМ 22х1.5 Ш - DKOL 16х1.5 Ш S=27,11,2,4,2,9,6,27,1
1022,1MC-22-16D A,Адаптер DKМ 22х1.5 Ш - DKOL 16х1.5 Ш S=27,11,2,4,2,9,6,27,1
1023,1MC-22 A,Адаптер DKМ 22х1.5 Ш - DKOL 22х1.5 Ш S=27,11,2,4,2,9,9,27,1
1024,1MC-22,Адаптер DKМ 22х1.5 Ш - DKOL 22х1.5 Ш S=27,11,2,4,2,9,9,27,1
1025,1MC-26-14D A,Адаптер DKМ 26x1.5 Ш - DKOL 14х1.5 Ш S=32,11,2,4,2,11,4,32,1
1026,1MC-26-14D,Адаптер DKМ 26x1.5 Ш - DKOL 14х1.5 Ш S=32,11,2,4,2,11,4,32,1
1027,1MC-26D-30,Адаптер DKМ 26х1.5 Ш - DKOL 30x2 Ш S=32,11,2,4,2,11,14,32,1
1028,1MC-26D-30 A,Адаптер DKМ 26х1.5 Ш - DKOL 30x2 Ш S=32,11,2,4,2,11,14,32,1
1029,1MC-30D-22 A,Адаптер DKМ 30х1.5 Ш - DKOL 22х1.5 Ш S=36,11,2,4,2,13,9,36,1
1030,1MC-30D-22,Адаптер DKМ 30х1.5 Ш - DKOL 22х1.5 Ш S=36,11,2,4,2,13,9,36,1
1031,1MD-27D-24,"Адаптер DKМ 27x1,5 Ш - DKOS 24х1,5 Ш S=32",11,2,4,2,12,10,32,1
1032,1MD-27D-24 A,"Адаптер DKМ 27x1,5 Ш - DKOS 24х1,5 Ш S=32",11,2,4,2,12,10,32,1
1033,3C-12D,Адаптер DKOL Г/Г 12x1.5 - 12x1.5,4,1,4,1,93,93,,1
1034,3C-12D A,Адаптер DKOL Г/Г 12x1.5 - 12x1.5,4,1,4,1,93,93,,1
1035,3C-14D,Адаптер DKOL Г/Г 14x1.5 - 14x1.5,4,1,4,1,86,86,,1
1036,3C-14D A,Адаптер DKOL Г/Г 14x1.5 - 14x1.5 ,4,1,4,1,86,86,,1
1037,3C-16D,Адаптер DKOL Г/Г 16x1.5 - 16x1.5,4,1,4,1,110,110,,1
1038,3C-16D A,Адаптер DKOL Г/Г 16x1.5 - 16x1.5 ,4,1,4,1,110,110,,1
1039,3C-18,Адаптер DKOL Г/Г 18x1.5 - 18x1.5,4,1,4,1,107,107,,1
1040,3C-18 A,Адаптер DKOL Г/Г 18x1.5 - 18x1.5 ,4,1,4,1,107,107,,1
1041,3C-22,Адаптер DKOL Г/Г 22x1.5 - 22x1.5,4,1,4,1,58,58,,1
1042,3C-22 A,Адаптер DKOL Г/Г 22x1.5 - 22x1.5 ,4,1,4,1,58,58,,1
1043,3C-26D,Адаптер DKOL Г/Г 26x1.5 - 26x1.5,4,1,4,1,89,89,,1
1044,3C-26D A,Адаптер DKOL Г/Г 26x1.5 - 26x1.5 ,4,1,4,1,89,89,,1
1045,2C-12D,Адаптер DKOL Ш/Г 12x1.5 - 12x1.5,4,2,4,1,93,93,,1
1046,2C-12D-16D,Адаптер DKOL Ш/Г 12x1.5 - 16x1.5,4,2,4,1,93,110,,1
1047,2C-12D-16D A,Адаптер DKOL Ш/Г 12x1.5 - 16x1.5,4,2,4,1,93,110,,1
1048,2C-12D-18,Адаптер DKOL Ш/Г 12x1.5 - 18x1.5,4,2,4,1,93,107,,1
1049,2C-12D-18 A,Адаптер DKOL Ш/Г 12x1.5 - 18x1.5,4,2,4,1,93,107,,1
1050,2C-12D-26D,Адаптер DKOL Ш/Г 12x1.5 - 26x1.5,4,2,4,1,93,89,,1
1051,2C-12D-26D A,Адаптер DKOL Ш/Г 12x1.5 - 26x1.5,4,2,4,1,93,89,,1
1052,2C-14D,Адаптер DKOL Ш/Г 14x1.5 - 14x1.5,4,2,4,1,86,86,,1
1053,2C-14D A,Адаптер DKOL Ш/Г 14x1.5 - 14x1.5,4,2,4,1,86,86,,1
1054,2C-14D-18,Адаптер DKOL Ш/Г 14x1.5 - 18x1.5,4,2,4,1,86,107,,1
1055,2C-14D-18 A,Адаптер DKOL Ш/Г 14x1.5 - 18x1.5 ,4,2,4,1,86,107,,1
1056,2C-16D,Адаптер DKOL Ш/Г 16x1.5 - 16x1.5,4,2,4,1,110,110,,1
1057,2C-16D A,Адаптер DKOL Ш/Г 16x1.5 - 16x1.5,4,2,4,1,110,110,,1
1058,2C-16D-18,Адаптер DKOL Ш/Г 16x1.5 - 18x1.5,4,2,4,1,110,107,,1
1059,2C-16D-18 A,Адаптер DKOL Ш/Г 16x1.5 - 18x1.5,4,2,4,1,110,107,,1
1060,2C-16D-22,Адаптер DKOL Ш/Г 16x1.5 - 22x1.5,4,2,4,1,110,58,,1
1061,2C-16D-22 A,Адаптер DKOL Ш/Г 16x1.5 - 22x1.5,4,2,4,1,110,58,,1
1062,2C-16D-26D,Адаптер DKOL Ш/Г 16x1.5 - 26x1.5,4,2,4,1,110,89,,1
1063,2C-16D-26D A,Адаптер DKOL Ш/Г 16x1.5 - 26x1.5,4,2,4,1,110,89,,1
1064,2C-18,Адаптер DKOL Ш/Г 18x1.5 - 18x1.5,4,2,4,1,107,107,,1
1065,2C-18 A,Адаптер DKOL Ш/Г 18x1.5 - 18x1.5 ,4,2,4,1,107,107,,1
1066,2C-18-20 A,Адаптер DKOL Ш/Г 18x1.5 - 20x1.5,4,2,4,1,107,109,,1
1067,2C-18-20,Адаптер DKOL Ш/Г 18x1.5 - 20x1.5,4,2,4,1,107,109,,1
1068,2C-18-22,Адаптер DKOL Ш/Г 18x1.5 - 22x1.5,4,2,4,1,107,58,,1
1069,2C-18-22 A,Адаптер DKOL Ш/Г 18x1.5 - 22x1.5 ,4,2,4,1,107,58,,1
1070,2C-22,Адаптер DKOL Ш/Г 22x1.5 - 22x1.5,4,2,4,1,58,58,,1
1071,2C-22 A,Адаптер DKOL Ш/Г 22x1.5 - 22x1.5,4,2,4,1,58,58,,1
1072,2C-22-26D,Адаптер DKOL Ш/Г 22x1.5 - 26x1.5,4,2,4,1,58,89,,1
1073,2C-22-26D A,Адаптер DKOL Ш/Г 22x1.5 - 26x1.5,4,2,4,1,58,89,,1
1074,2C-26D,Адаптер DKOL Ш/Г 26x1.5 - 26x1.5,4,2,4,1,89,89,,1
1075,2C-26D A,Адаптер DKOL Ш/Г 26x1.5 - 26x1.5,4,2,4,1,89,89,,1
1076,2C-26D-30,Адаптер DKOL Ш/Г 26x1.5 - 30x2,4,2,4,1,89,108,,1
1077,2C-26D-30 A,Адаптер DKOL Ш/Г 26x1.5 - 30x2,4,2,4,1,89,108,,1
1078,2C-30,Адаптер DKOL Ш/Г 30x2 - 30x2,4,2,4,1,108,108,,1
1079,2C-30-36,Адаптер DKOL Ш/Г��30x2 - 36x2,4,2,4,1,108,82,,1
1080,2C-30-36 A,Адаптер DKOL Ш/Г 30x2 - 36x2,4,2,4,1,108,82,,1
1081,1C-10,Адаптер DKOL Ш/Ш 10x1 - 10x1,4,2,4,2,1,1,,1
1082,1C-10 A,Адаптер DKOL Ш/Ш 10x1 - 10x1,4,2,4,2,1,1,,1
1083,1C-12,Адаптер DKOL Ш/Ш 12x1 - 12x1,4,2,4,2,73,73,,1
1084,1C-12 A,Адаптер DKOL Ш/Ш 12x1 - 12x1,4,2,4,2,73,73,,1
1085,1C-12D,Адаптер DKOL Ш/Ш 12x1.5 - 12x1.5,4,2,4,2,93,93,,1
1086,1C-12D A,Адаптер DKOL Ш/Ш 12x1.5 - 12x1.5,4,2,4,2,93,93,,1
1087,1C-12D-14D,Адаптер DKOL Ш/Ш 12x1.5 - 14x1.5,4,2,4,2,93,86,,1
1088,1C-12D-14D A,Адаптер DKOL Ш/Ш 12x1.5 - 14x1.5,4,2,4,2,93,86,,1
1089,1C-12D-16D,Адаптер DKOL Ш/Ш 12x1.5 - 16x1.5,4,2,4,2,93,110,,1
1090,1C-12D-16D A,Адаптер DKOL Ш/Ш 12x1.5 - 16x1.5,4,2,4,2,93,110,,1
1091,1C-12D-18,Адаптер DKOL Ш/Ш 12x1.5 - 18x1.5,4,2,4,2,93,107,,1
1092,1C-12D-18 A,Адаптер DKOL Ш/Ш 12x1.5 - 18x1.5,4,2,4,2,93,107,,1
1093,1C-14D A,Адаптер DKOL Ш/Ш 14x1.5 - 14x1.5,4,2,4,2,86,86,,1
1094,1C-14D,Адаптер DKOL Ш/Ш 14x1.5 - 14x1.5,4,2,4,2,86,86,,1
1095,1C-14D-16D,Адаптер DKOL Ш/Ш 14x1.5 - 16x1.5,4,2,4,2,86,110,,1
1096,1C-14D-16D A,Адаптер DKOL Ш/Ш 14x1.5 - 16x1.5,4,2,4,2,86,110,,1
1097,1C-14D-18,Адаптер DKOL Ш/Ш 14x1.5 - 18x1.5,4,2,4,2,86,107,,1
1098,1C-14D-18 A,Адаптер DKOL Ш/Ш 14x1.5 - 18x1.5,4,2,4,2,86,107,,1
1099,1C-14D-22,Адаптер DKOL Ш/Ш 14x1.5 - 22x1.5,4,2,4,2,86,58,,1
1100,1C-14D-22 A,Адаптер DKOL Ш/Ш 14x1.5 - 22x1.5,4,2,4,2,86,58,,1
1101,1C-16D A,Адаптер DKOL Ш/Ш 16x1.5 - 16x1.5,4,2,4,2,110,110,,1
1102,1C-16D,Адаптер DKOL Ш/Ш 16x1.5 - 16x1.5,4,2,4,2,110,110,,1
1103,1C-16D-18,Адаптер DKOL Ш/Ш 16х1.5 - 18х1.5,4,2,4,2,6,107,,1
1104,1C-16D-18 A,Адаптер DKOL Ш/Ш 16х1.5 - 18х1.5,4,2,4,2,6,107,,1
1105,1C-16D-20,Адаптер DKOL Ш/Ш 16х1.5 - 20х1.5,4,2,4,2,6,109,,1
1106,1C-16D-20 A,Адаптер DKOL Ш/Ш 16х1.5 - 20х1.5,4,2,4,2,6,109,,1
1107,1C-16D-22,Адаптер DKOL Ш/Ш 16х1.5 - 22х1.5,4,2,4,2,6,58,,1
1108,1C-16D-22 A,Адаптер DKOL Ш/Ш 16х1.5 - 22х1.5,4,2,4,2,6,58,,1
1109,1C-16D-27D,Адаптер DKOL Ш/Ш 16х1.5 - 27х1.5,4,2,4,2,6,85,,1
1110,1C-16D-27D A,Адаптер DKOL Ш/Ш 16х1.5 - 27х1.5,4,2,4,2,6,85,,1
1111,1C-16D-30D,Адаптер DKOL Ш/Ш 16х1.5 - 30х1.5,4,2,4,2,6,84,,1
1112,1C-16D-30D A,Адаптер DKOL Ш/Ш 16х1.5 - 30х1.5,4,2,4,2,6,84,,1
1113,1C-18 A,Адаптер DKOL Ш/Ш 18x1.5 - 18x1.5,4,2,4,2,107,107,,1
1114,1C-18,Адаптер DKOL Ш/Ш 18x1.5 - 18x1.5,4,2,4,2,107,107,,1
1115,1C-18-20 A,Адаптер DKOL Ш/Ш 18x1.5 - 20x1.5,4,2,4,2,107,109,,1
1116,1C-18-20,Адаптер DKOL Ш/Ш 18x1.5 - 20x1.5,4,2,4,2,107,109,,1
1117,1C-18-22,Адаптер DKOL Ш/Ш 18x1.5 - 22x1.5,4,2,4,2,107,58,,1
1118,1C-18-22 A,Адаптер DKOL Ш/Ш 18x1.5 - 22x1.5,4,2,4,2,107,58,,1
1119,1C-18-24,Адаптер DKOL Ш/Ш 18x1.5 - 24x1.5,4,2,4,2,107,10,,1
1120,1C-18-24 A,Адаптер DKOL Ш/Ш 18x1.5 - 24x1.5,4,2,4,2,107,10,,1
1121,1C-18-26D,Адаптер DKOL Ш/Ш 18x1.5 - 26x1.5,4,2,4,2,107,89,,1
1122,1C-18-26D A,Адаптер DKOL Ш/Ш 18x1.5 - 26x1.5,4,2,4,2,107,89,,1
1123,1C-18-27D,Адаптер DKOL Ш/Ш 18x1.5 - 27x1.5,4,2,4,2,107,85,,1
1124,1C-18-27D A,Адаптер DKOL Ш/Ш 18x1.5 - 27x1.5,4,2,4,2,107,85,,1
1125,1C-20,Адаптер DKOL Ш/Ш 20х1.5 - 20x1.5,4,2,4,2,8,109,,1
1126,1C-20 A,Адаптер DKOL Ш/Ш 20х1.5 - 20x1.5,4,2,4,2,8,109,,1
1127,1C-20-22,Адаптер DKOL Ш/Ш 20х1.5 - 22х1.5,4,2,4,2,8,58,,1
1128,1C-20-22 A,Адаптер DKOL Ш/Ш 20х1.5 - 22х1.5,4,2,4,2,8,58,,1
1129,1C-20-24,Адаптер DKOL Ш/Ш 20х1.5 - 24х1.5,4,2,4,2,8,10,,1
1130,1C-20-24 A,Адаптер DKOL Ш/Ш 20х1.5 - 24х1.5,4,2,4,2,8,10,,1
1131,1C-20-27D,Адаптер DKOL Ш/Ш 20х1.5 - 27х1.5,4,2,4,2,8,85,,1
1132,1C-20-27D A,Адаптер DKOL Ш/Ш 20х1.5 - 27х1.5,4,2,4,2,8,85,,1
1133,1C-22 A,Адаптер DKOL Ш/Ш 22х1.5 - 22х1.5,4,2,4,2,9,58,,1
1134,1C-22,Адаптер DKOL Ш/Ш 22х1.5 - 22х1.5,4,2,4,2,9,58,,1
1135,1C-22-26D,Адаптер DKOL Ш/Ш 22х1.5 - 26х1.5,4,2,4,2,9,89,,1
1136,1C-22-26D A,Адаптер DKOL Ш/Ш 22х1.5 - 26х1.5 S=27,4,2,4,2,9,89,27,1
1137,1C-22-27D,Адаптер DKOL Ш/Ш 22х1.5 - 27х1.5,4,2,4,2,9,85,,1
1138,1C-22-27D A,Адаптер DKOL Ш/Ш 22х1.5 - 27х1.5,4,2,4,2,9,85,,1
1139,1C-26D,Адаптер DKOL Ш/Ш 26х1.5 - 26х1.5,4,2,4,2,11,89,,1
1140,1C-26D A,Адаптер DKOL Ш/Ш 26х1.5 - 26х1.5,4,2,4,2,11,89,,1
1141,1C-26D-27,Адаптер DKOL Ш/Ш 26х1.5 - 27x2,4,2,4,2,11,92,,1
1142,1C-26D-27 A,Адаптер DKOL Ш/Ш 26х1.5 - 27x2,4,2,4,2,11,92,,1
1143,1C-26D-30,Адаптер DKOL Ш/Ш 26х1.5 - 30х2,4,2,4,2,11,108,,1
1144,1C-26D-30 A,Адаптер DKOL Ш/Ш 26х1.5 - 30х2,4,2,4,2,11,108,,1
1145,1C-27D A,Адаптер DKOL Ш/Ш 27х1.5 - 27х1.5,4,2,4,2,12,85,,1
1146,1C-27D,Адаптер DKOL Ш/Ш 27х1.5 - 27х1.5,4,2,4,2,12,85,,1
1147,1C-27,Адаптер DKOL Ш/Ш 27х2 - 27х2,4,2,4,2,119,92,,1
1148,1C-27 A,Адаптер DKOL Ш/Ш 27х2 - 27х2,4,2,4,2,119,92,,1
1149,1C-30-36,Адаптер DKOL Ш/Ш 30x2 - 36х2,4,2,4,2,108,82,,1
1150,1C-30-36 A,Адаптер DKOL Ш/Ш 30x2 - 36х2,4,2,4,2,108,82,,1
1151,1C-30D,Адаптер DKOL Ш/Ш 30х1.5 - 30х1.5,4,2,4,2,13,84,,1
1152,1C-30D A,Адаптер DKOL Ш/Ш 30х1.5 - 30х1.5,4,2,4,2,13,84,,1
1153,1C-30,Адаптер DKOL Ш/Ш 30х2 - 30х2,4,2,4,2,14,108,,1
1154,1C-30 A,Адаптер DKOL Ш/Ш 30х2 - 30х2,4,2,4,2,14,108,,1
1155,1C-36,Адаптер DKOL Ш/Ш 36х2 - 36х2,4,2,4,2,82,82,,1
1156,1C-36 A,Адаптер DKOL Ш/Ш 36х2 - 36х2,4,2,4,2,82,82,,1
1157,1CD-16D-20,"Адаптер DKOL 16х1,5 Ш - DKOS 20x1,5 Ш",4,2,5,2,6,8,,1
1158,1CD-16D-20 A,"Адаптер DKOL 16х1,5 Ш - DKOS 20x1,5 Ш",4,2,5,2,6,8,,1
1159,1CD-16D-24,"Адаптер DKOL 16х1,5 Ш - DKOS 24x1,5 Ш",4,2,5,2,6,10,,1
1160,1CD-16D-24 A,"Адаптер DKOL 16х1,5 Ш - DKOS 24x1,5 Ш",4,2,5,2,6,10,,1
1161,1CD-18-20,"Адаптер DKOL 18х1,5 Ш - DKOS 20x1,5 Ш",4,2,5,2,7,8,,1
1162,1CD-18-20 A,"Адаптер DKOL 18х1,5 Ш - DKOS 20x1,5 Ш",4,2,5,2,7,8,,1
1163,1CD-26D-24,"Адаптер DKOL 26х1,5 Ш - DKOS 24x1,5 Ш",4,2,5,2,11,10,,1
1164,1CD-26D-24 A,"Адаптер DKOL 26х1,5 Ш - DKOS 24x1,5 Ш",4,2,5,2,11,10,,1
1165,2D-20,"Адаптер DKOS Ш/Г 20x1,5 - 20x1,5",5,2,5,1,109,109,,1
1166,2D-20 A,"Адаптер DKOS Ш/Г 20x1,5 - 20x1,5",5,2,5,1,109,109,,1
1167,2D-22,"Адаптер DKOS Ш/Г 22x1,5 - 22x1,5",5,2,5,1,58,58,,1
1168,2D-22 A,"Адаптер DKOS Ш/Г 22x1,5 - 22x1,5 ",5,2,5,1,58,58,,1
1169,2D-24-30,"Адаптер DKOS Ш/Г 24x1,5 - 30x2",5,2,5,1,80,108,,1
1170,2D-24-30 A,"Адаптер DKOS Ш/Г 24x1,5 - 30x2",5,2,5,1,80,108,,1
1171,2D-42,Адаптер DKOS Ш/Г 42x2 - 42x2,5,2,5,1,81,81,,1
1172,2D-42 A,Адаптер DKOS Ш/Г 42x2 - 42x2,5,2,5,1,81,81,,1
1173,1D-14D,"Адаптер DKOS Ш/Ш 14x1,5 - 14x1,5",5,2,5,2,86,86,,1
1174,1D-14D A,"Адаптер DKOS Ш/Ш 14x1,5 - 14x1,5",5,2,5,2,86,86,,1
1175,1D-16D,"Адаптер DKOS Ш/Ш 16x1,5 - 16x1,5",5,2,5,2,110,110,,1
1176,1D-16D A,"Адаптер DKOS Ш/Ш 16x1,5 - 16x1,5",5,2,5,2,110,110,,1
1177,1D-16D-18,"Адаптер DKOS Ш/Ш 16x1,5 - 18x1,5",5,2,5,2,110,107,,1
1178,1D-16D-18 A,"Адаптер DKOS Ш/Ш 16x1,5 - 18x1,5",5,2,5,2,110,107,,1
1179,1D-16D-20,"Адаптер DKOS Ш/Ш 16x1,5 - 20x1,5",5,2,5,2,110,109,,1
1180,1D-16D-20 A,"Адаптер DKOS Ш/Ш 16x1,5 - 20x1,5",5,2,5,2,110,109,,1
1181,1D-18,"Адаптер DKOS Ш/Ш 18x1,5 - 18x1,5",5,2,5,2,107,107,,1
1182,1D-18 A,"Адаптер DKOS Ш/Ш 18x1,5 - 18x1,5",5,2,5,2,107,107,,1
1183,1D-18-20,"Адаптер DKOS Ш/Ш 18x1,5 - 20x1,5",5,2,5,2,107,109,,1
1184,1D-18-20 A,"Адаптер DKOS Ш/Ш 18x1,5 - 20x1,5",5,2,5,2,107,109,,1
1185,1D-18-22,"Адаптер DKOS Ш/Ш 18x1,5 - 22x1,5",5,2,5,2,107,58,,1
1186,1D-18-22 A,"Адаптер DKOS Ш/Ш 18x1,5 - 22x1,5",5,2,5,2,107,58,,1
1187,1D-18-24,"Адаптер DKOS Ш/Ш 18x1,5 - 24x1,5",5,2,5,2,107,10,,1
1188,1D-18-24 A,"Адаптер DKOS Ш/Ш 18x1,5 - 24x1,5",5,2,5,2,107,10,,1
1189,1D-20 A,"Адаптер DKOS Ш/Ш 20x1,5 - 20x1,5",5,2,5,2,109,109,,1
1190,1D-20-S27 A,"Адаптер DKOS Ш/Ш 20x1,5 - 20x1,5",5,2,5,2,109,109,,1
1191,1D-20,"Адаптер DKOS Ш/Ш 20x1,5 - 20x1,5",5,2,5,2,109,109,,1
1192,1D-20-22,"Адаптер DKOS Ш/Ш 20х1,5 - 22х1,5",5,2,5,2,109,58,,1
1193,1D-20-22 A,"Адаптер DKOS Ш/Ш 20х1,5 - 22х1,5",5,2,5,2,109,58,,1
1194,1D-20-24,"Адаптер DKOS Ш/Ш 20х1,5 - 24х1,5",5,2,5,2,109,10,,1
1195,1D-20-24 A,"Адаптер DKOS Ш/Ш 20х1,5 - 24х1,5",5,2,5,2,109,10,,1
1196,1D-22,"Адаптер DKOS Ш/Ш 22x1,5 - 22x1,5",5,2,5,2,109,58,,1
1197,1D-22 A,"Адаптер DKOS Ш/Ш 22x1,5 - 22x1,5",5,2,5,2,58,58,,1
1198,1D-22-24,"Адаптер DKOS Ш/Ш 22x1,5 - 24x1,5",5,2,5,2,58,10,,1
1199,1D-22-24 A,"Адаптер DKOS Ш/Ш 22x1,5 - 24x1,5",5,2,5,2,58,10,,1
1200,1D-22-26D,"Адаптер DKOS Ш/Ш 22x1,5 - 26x1,5",5,2,5,2,58,89,,1
1201,1D-22-26D A,"Адаптер DKOS Ш/Ш 22x1,5 - 26x1,5",5,2,5,2,58,89,,1
1202,1D-22-27D,"Адаптер DKOS Ш/Ш 22x1,5 - 27x1,5",5,2,5,2,58,85,,1
1203,1D-22-27D A,"Адаптер DKOS Ш/Ш 22x1,5 - 27x1,5",5,2,5,2,58,85,,1
1204,1D-24 A,"Адаптер DKOS Ш/Ш 24x1,5 - 24x1,5",5,2,5,2,58,10,,1
1205,1D-24,"Адаптер DKOS Ш/Ш 24x1,5 - 24x1,5",5,2,5,2,80,10,,1
1206,1D-24-30,"Адаптер DKOS Ш/Ш 24x1,5 - 30x2",5,2,5,2,80,108,,1
1207,1D-24-30 A,"Адаптер DKOS Ш/Ш 24x1,5 - 30x2",5,2,5,2,80,108,,1
1208,1D-26D,"Адаптер DKOS Ш/Ш 26x1,5 - 26x1,5",5,2,5,2,89,89,,1
1209,1D-26D A,"Адаптер DKOS Ш/Ш 26x1,5 - 26x1,5",5,2,5,2,89,89,,1
1210,1D-27,Адаптер DKOS Ш/Ш 27х2 - 27х2,5,2,5,2,92,92,,1
1211,1D-27 A,Адаптер DKOS Ш/Ш 27х2 - 27х2,5,2,5,2,92,92,,1
1212,1D-30,Адаптер DKOS Ш/Ш 30x2 - 30x2,5,2,5,2,108,108,,1
1213,1D-30 A,Адаптер DKOS Ш/Ш 30x2 - 30x2,5,2,5,2,108,108,,1
1214,1D-30-36,Адаптер DKOS Ш/Ш 30x2 - 36x2,5,2,5,2,108,82,,1
1215,1D-30-36 A,Адаптер DKOS Ш/Ш 30x2 - 36x2,5,2,5,2,108,82,,1
1216,1D-36,Адаптер DKOS Ш/Ш 36х2 - 36х2,5,2,5,2,82,82,,1
1217,1D-36 A,Адаптер DKOS Ш/Ш 36х2 - 36х2,5,2,5,2,82,82,,1
1218,1D-42,Адаптер DKOS Ш/Ш 42х2 - 42х2,5,2,5,2,81,81,,1
1219,1D-42 A,Адаптер DKOS Ш/Ш 42х2 - 42х2,5,2,5,2,81,81,,1
1220,1D-52,Адаптер DKOS Ш/Ш 52х2 - 52х2,5,2,5,2,83,83,,1
1221,1D-52 A,Адаптер DKOS Ш/Ш 52х2 - 52х2,5,2,5,2,83,83,,1
1222,3J-12,"Адаптер JIC Г/Г 1.1/16""-1.1/16""",8,1,8,1,41,41,,1
1223,3J-12 A,"Адаптер JIC Г/Г 1.1/16""-1.1/16""",8,1,8,1,41,41,,1
1224,3J-08,"Адаптер JIC Г/Г 3/4""-3/4""",8,1,8,1,24,24,,1
1225,3J-08 A,"Адаптер JIC Г/Г 3/4""-3/4""",8,1,8,1,24,24,,1
1226,3J-04,"Адаптер JIC Г/Г 7/16""-7/16""",8,1,8,1,29,29,,1
1227,3J-04 A,"Адаптер JIC Г/Г 7/16""-7/16""",8,1,8,1,29,29,,1
1228,3J-10,"Адаптер JIC Г/Г 7/8""-7/8""",8,1,8,1,35,35,,1
1229,3J-10 A,"Адаптер JIC Г/Г 7/8""-7/8""",8,1,8,1,35,35,,1
1230,3J-06,"Адаптер JIC Г/Г 9/16""-9/16""",8,1,8,1,36,36,,1
1231,3J-06 A,"Адаптер JIC Г/Г 9/16""-9/16""",8,1,8,1,36,36,,1
1232,2J-08,"Адаптер JIC Ш/Г 3/4""-3/4""",8,2,8,1,24,24,,1
1233,2J-08 A,"Адаптер JIC Ш/Г 3/4""-3/4""",8,2,8,1,24,24,,1
1234,2J-06-12,"Адаптер JIC Ш/Г 9/16""-1.1/16""",8,2,8,1,36,41,,1
1235,2J-06-12 A,"Адаптер JIC Ш/Г 9/16""-1.1/16""",8,2,8,1,36,41,,1
1236,2J-06-08,"Адаптер JIC Ш/Г 9/16""-3/4""",8,2,8,1,36,24,,1
1237,2J-06-08 A,"Адаптер JIC Ш/Г 9/16""-3/4""",8,2,8,1,36,24,,1
1238,1J-12,"Адаптер JIC Ш/Ш 1.1/16""-1.1/16""",8,2,8,2,41,41,,1
1239,1J-12 A,"Адаптер JIC Ш/Ш 1.1/16""-1.1/16""",8,2,8,2,41,41,,1
1240,1J-05,"Адаптер JIC Ш/Ш 1/2""-1/2""",8,2,8,2,22,22,,1
1241,1J-05 A,"Адаптер JIC Ш/Ш 1/2""-1/2""",8,2,8,2,22,22,,1
1242,1J-08,"Адаптер JIC Ш/Ш 3/4""-3/4""",8,2,8,2,24,24,,1
1243,1J-08 A,"Адаптер JIC Ш/Ш 3/4""-3/4""",8,2,8,2,24,24,,1
1244,1J-08-10,"Адаптер JIC Ш/Ш 3/4""-7/8""",8,2,8,2,24,35,,1
1245,1J-08-10 A,"Адаптер JIC Ш/Ш 3/4""-7/8""",8,2,8,2,24,35,,1
1246,1J-07,"Адаптер JIC Ш/Ш 5/8""-5/8""",8,2,8,2,37,37,,1
1247,1J-07 A,"Адаптер JIC Ш/Ш 5/8""-5/8""",8,2,8,2,37,37,,1
1248,1J-04,"Адаптер JIC Ш/Ш 7/16""-7/16""",8,2,8,2,29,29,,1
1249,1J-04 A,"Адаптер JIC Ш/Ш 7/16""-7/16""",8,2,8,2,29,29,,1
1250,1J-04-06,"Адаптер JIC Ш/Ш 7/16""-9/16""",8,2,8,2,29,36,,1
1251,1J-04-06 A,"Адаптер JIC Ш/Ш 7/16""-9/16""",8,2,8,2,29,36,,1
1252,1J-10-12,"Адаптер JIC Ш/Ш 7/8""-1.1/16""",8,2,8,2,35,41,,1
1253,1J-10-12 A,"Адаптер JIC Ш/Ш 7/8""-1.1/16""",8,2,8,2,35,41,,1
1254,1J-10,"Адаптер JIC Ш/Ш 7/8""-7/8""",8,2,8,2,35,35,,1
1255,1J-10 A,"Адаптер JIC Ш/Ш 7/8""-7/8""",8,2,8,2,35,35,,1
1256,1J-06-08,"Адаптер JIC Ш/Ш 9/16""-3/4""",8,2,8,2,36,24,,1
1257,1J-06-08 A,"Адаптер JIC Ш/Ш 9/16""-3/4""",8,2,8,2,36,24,,1
1258,1J-06,"Адаптер JIC Ш/Ш 9/16""-9/16""",8,2,8,2,36,36,,1
1259,1J-06 A,"Адаптер JIC Ш/Ш 9/16""-9/16""",8,2,8,2,36,36,,1
1260,1JC-08-18,"Адаптер JIC 3/4"" Ш - DKOL 18x1.5 Ш",8,2,4,2,24,7,,1
1261,1JC-06-18,"Адаптер JIC 9/16"" Ш - DKOL 18x1.5 Ш",8,2,4,2,36,7,,1
1262,1JC-06-18 A,"Адаптер JIC 9/16"" Ш - DKOL 18x1.5 Ш",8,2,4,2,36,7,,1
1263,1JN-04-02,"Адаптер JIC 7/16"" Ш - NPTF 1/8"" Ш",8,2,10,2,29,28,,1
1264,1JN-04-02 A,"Адаптер JIC 7/16"" Ш - NPTF 1/8"" Ш",8,2,10,2,29,28,,1
1265,1JN-06-04,"Адаптер JIC 9/16"" Ш - NPTF 1/4"" Ш",8,2,10,2,36,23,,1
1266,1JN-06-04 A,"Адаптер JIC 9/16"" Ш - NPTF 1/4"" Ш",8,2,10,2,36,23,,1
1267,1JN-06,"Адаптер JIC 9/16"" Ш - NPTF 3/8"" Ш",8,2,10,2,36,25,,1
1268,1JN-06 A,"Адаптер JIC 9/16"" Ш - NPTF 3/8"" Ш",8,2,10,2,36,25,,1
1269,1K-16D,"Адаптер JIS Ш/Ш 16x1,5 - 16x1,5 S=22",7,2,7,2,6,6,22,1
1270,1K-16D A,"Адаптер JIS Ш/Ш 16x1,5 - 16x1,5 S=22",7,2,7,2,6,6,22,1
1271,1K-18,"Адаптер JIS Ш/Ш 18x1,5 - 18x1,5 S=24",7,2,7,2,7,7,24,1
1272,1K-18 A,"Адаптер JIS Ш/Ш 18x1,5 - 18x1,5 S=24",7,2,7,2,7,7,24,1
1273,1K-20,"Адаптер JIS Ш/Ш 20x1,5 - 20x1,5 S=27",7,2,7,2,118,118,27,1
1274,1K-20 A,"Адаптер JIS Ш/Ш 20x1,5 - 20x1,5 S=27",7,2,7,2,118,118,27,1
1275,1K-22,"Адаптер JIS Ш/Ш 22x1,5 - 22x1,5 S=27",7,2,7,2,111,111,27,1
1276,1K-22 A,"Адаптер JIS Ш/Ш 22x1,5 - 22x1,5 S=27",7,2,7,2,111,111,27,1
1277,1K-24,"Адаптер JIS Ш/Ш 24x1,5 - 24x1,5 S=30",7,2,7,2,115,115,30,1
1278,1K-24 A,"Адаптер JIS Ш/Ш 24x1,5 - 24x1,5 S=30",7,2,7,2,115,115,30,1
1279,1K-27D,"Адаптер JIS Ш/Ш 27x1,5 - 27x1,5 S=32",7,2,7,2,116,116,32,1
1280,1K-27D A,"Адаптер JIS Ш/Ш 27x1,5 - 27x1,5 S=32",7,2,7,2,116,116,32,1
1281,1N-16,"Адаптер NPTF Ш/Ш 1""-1""",10,2,10,2,21,21,,1
1282,1N-16 A,"Адаптер NPTF Ш/Ш 1""-1""",10,2,10,2,21,21,,1
1283,1N-08-16,"Адаптер NPTF Ш/Ш 1/2""-1""",10,2,10,2,22,21,,1
1284,1N-08-16 A,"Адаптер NPTF Ш/Ш 1/2""-1""",10,2,10,2,22,21,,1
1285,1N-08,"Адаптер NPTF Ш/Ш 1/2""-1/2""",10,2,10,2,22,22,,1
1286,1N-08 A,"Адаптер NPTF Ш/Ш 1/2""-1/2""",10,2,10,2,22,22,,1
1287,1N-08-12,"Адаптер NPTF Ш/Ш 1/2""-3/4""",10,2,10,2,22,24,,1
1288,1N-08-12 A,"Адаптер NPTF Ш/Ш 1/2""-3/4""",10,2,10,2,22,24,,1
1289,1N-04,"Адаптер NPTF Ш/Ш 1/4""-1/4""",10,2,10,2,23,23,,1
1290,1N-04 A,"Адаптер NPTF Ш/Ш 1/4""-1/4""",10,2,10,2,23,23,,1
1291,1N-32,"Адаптер NPTF Ш/Ш 2""-2""",10,2,10,2,49,49,,1
1292,1N-32 A,"Адаптер NPTF Ш/Ш 2""-2""",10,2,10,2,49,49,,1
1293,1N-12-16,"Адаптер NPTF Ш/Ш 3/4""-1""",10,2,10,2,24,21,,1
1294,1N-12-16 A,"Адаптер NPTF Ш/Ш 3/4""-1""",10,2,10,2,24,21,,1
1295,1N-12,"Адаптер NPTF Ш/Ш 3/4""-3/4""",10,2,10,2,24,24,,1
1296,1N-12 A,"Адаптер NPTF Ш/Ш 3/4""-3/4""",10,2,10,2,24,24,,1
1297,1N-06,"Адаптер NPTF Ш/Ш 3/8""-3/8""",10,2,10,2,25,25,,1
1298,1N-06 A,"Адаптер NPTF Ш/Ш 3/8""-3/8""",10,2,10,2,25,25,,1
1299,1NC-08-26D,"Адаптер NPTF 1/2"" Ш - DKOL 26х1,5 Ш",10,2,4,2,22,11,,1
1300,1NC-08-26D A,"Адаптер NPTF 1/2"" Ш - DKOL 26х1,5 Ш",10,2,4,2,22,11,,1
1301,1NC-04-14D,"Адаптер NPTF 1/4"" Ш - DKOL 14х1,5 Ш",10,2,4,2,23,4,,1
1302,1NC-04-14D A,"Адаптер NPTF 1/4"" Ш - DKOL 14х1,5 Ш",10,2,4,2,23,4,,1
1303,1NC-04-16D,"Адаптер NPTF 1/4"" Ш - DKOL 16х1,5 Ш",10,2,4,2,23,6,,1
1304,1NC-04-16D A,"Адаптер NPTF 1/4"" Ш - DKOL 16х1,5 Ш",10,2,4,2,23,6,,1
1305,1NC-02-12D,"Адаптер NPTF 1/8"" Ш - DKOL 12х1,5 Ш",10,2,4,2,28,3,,1
1306,1ND-06-22 A,"Адаптер NPTF 3/8"" Ш - DKOS 22х1,5 Ш",10,2,5,2,25,9,,1
1307,1ND-06-22,"Адаптер NPTF 3/8"" Ш - DKOS 22х1,5 Ш",10,2,5,2,25,9,,1
1308,3F-06,"Адаптер ORFS Г/Г 11/16""-11/16""",9,1,9,1,31,31,,1
1309,3F-06 A,"Адаптер ORFS Г/Г 11/16""-11/16""",9,1,9,1,31,31,,1
1310,3F-08,"Адаптер ORFS Г/Г 13/16""-13/16""",9,1,9,1,32,32,,1
1311,3F-08 A,"Адаптер ORFS Г/Г 13/16""-13/16""",9,1,9,1,32,32,,1
1312,1F-10,"Адаптер ORFS Ш/Ш 1""-1""",9,2,9,2,21,21,,1
1313,1F-10 A,"Адаптер ORFS Ш/Ш 1""-1"" S=27 ",9,2,9,2,21,21,,1
1314,1F-10-12,"Адаптер ORFS Ш/Ш 1""-1,3/16""",9,2,9,2,21,21,,1
1315,1F-10-12 A,"Адаптер ORFS Ш/Ш 1""-1,3/16""",9,2,9,2,21,21,,1
1316,1F-12,"Адаптер ORFS Ш/Ш 1,3/16""-1,3/16""",9,2,9,2,79,79,,1
1317,1F-12 A,"Адаптер ORFS Ш/Ш 1,3/16""-1,3/16""",9,2,9,2,79,79,,1
1318,1F-12-16,"Адаптер ORFS Ш/Ш 1,3/16""-1,7/16""",9,2,9,2,79,79,,1
1319,1F-12-16 A,"Адаптер ORFS Ш/Ш 1,3/16""-1,7/16""",9,2,9,2,79,79,,1
1320,1F-16,"Адаптер ORFS Ш/Ш 1,7/16""-1,7/16""",9,2,9,2,77,77,,1
1321,1F-16 A,"Адаптер ORFS Ш/Ш 1,7/16""-1,7/16""",9,2,9,2,77,77,,1
1322,1F-06,"Адаптер ORFS Ш/Ш 11/16""-11/16""",9,2,9,2,31,31,,1
1323,1F-06 A,"Адаптер ORFS Ш/Ш 11/16""-11/16""",9,2,9,2,31,31,,1
1324,1F-06-08,"Адаптер ORFS Ш/Ш 11/16""-13/16""",9,2,9,2,31,31,,1
1325,1F-06-08 A,"Адаптер ORFS Ш/Ш 11/16""-13/16""",9,2,9,2,31,31,,1
1326,1F-08-10,"Адаптер ORFS Ш/Ш 13/16""-1""",9,2,9,2,32,32,,1
1327,1F-08-10 A,"Адаптер ORFS Ш/Ш 13/16""-1""",9,2,9,2,32,32,,1
1328,1F-08,"Адаптер ORFS Ш/Ш 13/16""-13/16""",9,2,9,2,32,32,,1
1329,1F-08 A,"Адаптер ORFS Ш/Ш 13/16""-13/16""",9,2,9,2,32,32,,1
1330,1F-04,"Адаптер ORFS Ш/Ш 9/16""-9/16""",9,2,9,2,36,36,,1
1331,1F-04 A,"Адаптер ORFS Ш/Ш 9/16""-9/16""",9,2,9,2,36,36,,1
1332,6FG4-16LN,"Адаптер 45° ORFS 1.7/16"" Ш - BSP 1"" Ш + к.г.",9,2,9,2,77,21,,2
1333,1BG9-16OG,"Адаптер 90° BSP 1"" Ш - G 1"" Ш + к.г.",1,2,1,2,21,21,,3
1334,6B9-16LN,"Адаптер 90° BSP 1"" Ш - G 1"" Ш + к.г.",1,2,1,2,21,21,,3
1335,1BG9-08OG,"Адаптер 90° BSP 1/2"" Ш - G 1/2"" Ш + к.г.",1,2,1,2,22,22,,3
1336,6B9-08LN,"Адаптер 90° BSP 1/2"" Ш - G 1/2"" Ш + к.г.",1,2,1,2,22,22,,3
1337,1BG9-04OG,"Адаптер 90° BSP 1/4"" Ш - G 1/4"" Ш + к.г.",1,2,1,2,23,23,,3
1338,6B9-04LN,"Адаптер 90° BSP 1/4"" Ш - G 1/4"" Ш + к.г.",1,2,1,2,23,23,,3
1339,1BG9-12OG,"Адаптер 90° BSP 3/4"" Ш - G 3/4"" Ш + к.г.",1,2,1,2,24,24,,3
1340,6B9-12LN,"Адаптер 90° BSP 3/4"" Ш - G 3/4"" Ш + к.г.",1,2,1,2,24,24,,3
1341,1BG9-06OG,"Адаптер 90° BSP 3/8"" Ш - G 3/8"" Ш + к.г.",1,2,1,2,25,25,,3
1342,6B9-06LN,"Адаптер 90° BSP 3/8"" Ш - G 3/8"" Ш + к.г.",1,2,1,2,25,25,,3
1343,TN 514-6LR,"Адаптер 90° DKOL 12*1.5 Ш - G 1/8"" Ш + к.г.",4,2,4,2,3,28,,3
1344,TN 514-8LR,"Адаптер 90° DKOL 14*1.5 Ш - G 1/4"" Ш + к.г.",4,2,4,2,4,23,,3
1345,6JG9-12OG,"Адаптер 90° JIC 1.1/16"" Ш - G 3/4"" Ш + к.г.",8,2,8,2,41,24,,3
1346,6BF9-06-04LN,"Адаптер 90° BSP 3/8"" Ш - ORFS 9/16"" Ш + к.г.",1,2,9,2,25,36,,3
1347,6FG9-16OG,"Адаптер 90° ORFS 1.7/16"" Ш - G 1"" Ш + к.г.",9,2,9,2,77,21,,3
1348,6C9-16LN,"Адаптер 90° DKOL 16x1,5 Ш - DKOL 16x1,5 Ш + к.г.",4,2,4,2,6,6,,3
1349,6C9-18LN,"Адаптер 90° DKOL 18x1,5 Ш - DKOL 18x1,5 Ш + к.г.",4,2,4,2,7,7,,3
1350,6C9-22LN,"Адаптер 90° DKOL 22x1,5 Ш - DKOL 22x1,5 Ш + к.г.",4,2,4,2,9,9,,3
1351,6BC-08-18LN A,"Адаптер BSP 1/2"" Ш - DKOL М18х1,5 Ш + к.г.",1,2,4,2,22,7,,1
1352,6BC-08-18LN,"Адаптер BSP 1/2"" Ш - DKOL М18х1,5 Ш + к.г.",1,2,4,2,22,7,,1
1353,6BC-08-22LN A,"Адаптер BSP 1/2"" Ш - DKOL М22х1,5 Ш + к.г.",1,2,4,2,22,9,,1
1354,6BC-08-22LN,"Адаптер BSP 1/2"" Ш - DKOL М22х1,5 Ш + к.г.",1,2,4,2,22,9,,1
1355,6BC-08-26DLN A,"Адаптер BSP 1/2"" Ш - DKOL М26х1,5 Ш + к.г.",1,2,4,2,22,11,,1
1356,6BC-08-26DLN,"Адаптер BSP 1/2"" Ш - DKOL М26х1,5 Ш + к.г.",1,2,4,2,22,11,,1
1357,6BC-04-14DLN A,"Адаптер BSP 1/4"" Ш - DKOL М14х1,5 Ш + к.г.",1,2,4,2,23,4,,1
1358,6BC-04-14DLN,"Адаптер BSP 1/4"" Ш - DKOL М14х1,5 Ш + к.г.",1,2,4,2,23,4,,1
1359,6BC-04-16DLN A,"Адаптер BSP 1/4"" Ш - DKOL М16х1,5 Ш + к.г.",1,2,4,2,23,6,,1
1360,6BC-04-16DLN,"Адаптер BSP 1/4"" Ш - DKOL М16х1,5 Ш + к.г.",1,2,4,2,23,6,,1
1361,6BС-12-26DLN A,"Адаптер BSP 3/4"" Ш - DKOL M26x1,5 Ш + к.г.",1,2,4,2,24,89,,1
1362,6BС-12-26DLN,"Адаптер BSP 3/4"" Ш - DKOL M26x1,5 Ш + к.г.",1,2,4,2,24,89,,1
1363,6BС-12-30LN A,"Адаптер BSP 3/4"" Ш - DKOL M30x2 Ш + к.г.",1,2,4,2,24,108,,1
1364,6BС-12-30LN,"Адаптер BSP 3/4"" Ш - DKOL M30x2 Ш + к.г.",1,2,4,2,24,108,,1
1365,6BC-06-18LN A,"Адаптер BSP 3/8"" Ш - DKOL М18х1,5 Ш + к.г.",1,2,4,2,25,7,,1
1366,6BC-06-18LN,"Адаптер BSP 3/8"" Ш - DKOL М18х1,5 Ш + к.г.",1,2,4,2,25,7,,1
1367,6B-16LN,"Адаптер BSP 1"" Ш - BSP 1"" Ш + к.г.",1,2,1,2,21,21,,1
1368,6B-16LN A,"Адаптер BSP 1"" Ш - BSP 1"" Ш + к.г.",1,2,1,2,21,21,,1
1369,6B-20LN,"Адаптер BSP 1,1/4"" Ш - BSP 1,1/4"" Ш + к.г.",1,2,1,2,51,51,,1
1370,6B-20LN A,"Адаптер BSP 1,1/4"" Ш - BSP 1,1/4"" Ш + к.г.",1,2,1,2,51,51,,1
1371,6B-08LN,"Адаптер BSP 1/2"" Ш - BSP 1/2"" Ш + к.г. ",1,2,1,2,22,22,,1
1372,6B-08LN A,"Адаптер BSP 1/2"" Ш - BSP 1/2"" Ш + к.г. ",1,2,1,2,26,22,,1
1373,6B-04LN,"Адаптер BSP 1/4"" Ш - BSP 1/4"" Ш + к.г.",1,2,1,2,23,23,,1
1374,6B-04LN A,"Адаптер BSP 1/4"" Ш - BSP 1/4"" Ш + к.г.",1,2,1,2,27,23,,1
1375,6B-12LN,"Адаптер BSP 3/4"" Ш - BSP 3/4"" Ш + к.г",1,2,1,2,24,24,,1
1376,6B-12LN A,"Адаптер BSP 3/4"" Ш - BSP 3/4"" Ш + к.г",1,2,1,2,24,24,,1
1377,6B-06LN,"Адаптер BSP 3/8"" Ш - BSP 3/8"" Ш + к.г. ",1,2,1,2,25,25,,1
1378,6B-06LN A,"Адаптер BSP 3/8"" Ш - BSP 3/8"" Ш + к.г. ",1,2,1,2,25,25,,1
1379,6B-10LN,"Адаптер BSP 5/8"" Ш - BSP 5/8"" Ш + к.г.",1,2,1,2,37,37,,1
1380,6B-10LN A,"Адаптер BSP 5/8"" Ш - BSP 5/8"" Ш + к.г.",1,2,1,2,37,37,,1
1381,6C-14DLN,"Адаптер DKOL 14x1,5 Ш - DKOL 14x1,5 Ш + к.г.",4,2,4,2,4,4,,1
1382,6C-14DLN A,"Адаптер DKOL 14x1,5 Ш - DKOL 14x1,5 Ш + к.г.",4,2,4,2,4,4,,1
1383,6C-16DLN,"Адаптер DKOL 16x1,5 Ш - DKOL 16x1,5 Ш + к.г.",4,2,4,2,6,6,,1
1384,6C-16DLN A,"Адаптер DKOL 16x1,5 Ш - DKOL 16x1,5 Ш + к.г.",4,2,4,2,6,6,,1
1385,6C-18LN,"Адаптер DKOL 18x1,5 Ш - DKOL 18x1,5 Ш + к.г.",4,2,4,2,7,7,,1
1386,6C-18LN A,"Адаптер DKOL 18x1,5 Ш - DKOL 18x1,5 Ш + к.г.",4,2,4,2,7,7,,1
1387,6C-22LN,"Адаптер DKOL 22x1,5 Ш - DKOL 22x1,5 Ш + к.г.",4,2,4,2,111,111,,1
1388,6C-22LN A,"Адаптер DKOL 22x1,5 Ш - DKOL 22x1,5 Ш + к.г.",4,2,4,2,111,111,,1
1389,6C-26DLN,"Адаптер DKOL 26x1,5 Ш - DKOL 26x1,5 Ш + к.г.",4,2,4,2,117,117,,1
1390,6C-26DLN A,"Адаптер DKOL 26x1,5 Ш - DKOL 26x1,5 Ш + к.г.",4,2,4,2,117,117,,1
1391,6D-20LN,"Адаптер DKOS 20x1,5 Ш - DKOS 20x1,5 Ш + к.г.",5,2,5,2,8,8,,1
1392,6D-20LN A,"Адаптер DKOS 20x1,5 Ш - DKOS 20x1,5 Ш + к.г.",5,2,5,2,8,8,,1
1393,6D-24LN,"Адаптер DKOS 24x1,5 Ш - DKOS 24x1,5 Ш + к.г.",5,2,5,2,10,10,,1
1394,6D-24LN A,"Адаптер DKOS 24x1,5 Ш - DKOS 24x1,5 Ш + к.г.",5,2,5,2,10,10,,1
1395,6D-36LN,Адаптер DKOS 36x2 Ш - DKOS 36x2 Ш + к.г.,5,2,5,2,82,82,,1
1396,6D-36LN A,Адаптер DKOS 36x2 Ш - DKOS 36x2 Ш + к.г.,5,2,5,2,82,82,,1
1397,6J-12LN,"Адаптер JIC 1.1/16"" Ш - JIC 1.1/16"" Ш + к.г.",8,2,8,2,41,41,,1
1398,6J-12LN A,"Адаптер JIC 1.1/16"" Ш - JIC 1.1/16"" Ш + к.г.",8,2,8,2,41,41,,1
1399,6J-05LN,"Адаптер JIC 1/2"" Ш - JIC 1/2"" Ш + к.г.",8,2,8,2,22,22,,1
1400,6J-05LN A,"Адаптер JIC 1/2"" Ш - JIC 1/2"" Ш + к.г.",8,2,8,2,22,22,,1
1401,6J-08LN,"Адаптер JIC 3/4"" Ш - JIC 3/4"" Ш + к.г. ",8,2,8,2,24,24,,1
1402,6J-08LN A,"Адаптер JIC 3/4"" Ш - JIC 3/4"" Ш + к.г.  ",8,2,8,2,24,24,,1
1403,6J-04LN,"Адаптер JIC 7/16"" Ш - JIC 7/16"" Ш + к.г.",8,2,8,2,29,29,,1
1404,6J-04LN A,"Адаптер JIC 7/16"" Ш - JIC 7/16"" Ш + к.г.",8,2,8,2,29,29,,1
1405,6J-10LN,"Адаптер JIC 7/8"" Ш - JIC 7/8"" Ш + к.г.",8,2,8,2,35,35,,1
1406,6J-10LN A,"Адаптер JIC 7/8"" Ш - JIC 7/8"" Ш + к.г.",8,2,8,2,35,35,,1
1407,6J-06LN,"Адаптер JIC 9/16"" Ш - JIC 9/16"" Ш + к.г. ",8,2,8,2,36,36,,1
1408,6J-06LN A,"Адаптер JIC 9/16"" Ш - JIC 9/16"" Ш + к.г.",8,2,8,2,36,36,,1
1409,6F-10LN,"Адаптер ORFS 1"" Ш - ORFS 1"" Ш + к.г.",9,2,9,2,21,21,,1
1410,6F-10LN A,"Адаптер ORFS 1"" Ш - ORFS 1"" Ш + к.г.",9,2,9,2,21,21,,1
1411,6F-12LN,"Адаптер ORFS 1.3/16"" Ш - ORFS 1.3/16"" Ш + к.г.",9,2,9,2,79,79,,1
1412,6F-12LN A,"Адаптер ORFS 1.3/16"" Ш - ORFS 1.3/16"" Ш + к.г.",9,2,9,2,79,79,,1
1413,6F-08LN,"Адаптер ORFS 13/16"" Ш - ORFS 13/16"" Ш + к.г.",9,2,9,2,32,32,,1
1414,6F-08LN A,"Адаптер ORFS 13/16"" Ш - ORFS 13/16"" Ш + к.г.",9,2,9,2,32,32,,1